"filename", "language", "JSON", "JSON with Comments", "TypeScript", "JavaScript", "SCSS", "XML", "wxml", "CSS", "Markdown", "comment", "blank", "total"
"c:\Users\Administrator\WeChatProjects\miniprogram-2\.eslintrc.js", "JavaScript", 0, 0, 0, 25, 0, 0, 0, 0, 0, 6, 1, 32
"c:\Users\Administrator\WeChatProjects\miniprogram-2\miniprogram\app.json", "JSON", 48, 0, 0, 0, 0, 0, 0, 0, 0, 0, 0, 48
"c:\Users\Administrator\WeChatProjects\miniprogram-2\miniprogram\app.scss", "SCSS", 0, 0, 0, 0, 9, 0, 0, 0, 0, 1, 1, 11
"c:\Users\Administrator\WeChatProjects\miniprogram-2\miniprogram\app.ts", "TypeScript", 0, 0, 13, 0, 0, 0, 0, 0, 0, 3, 2, 18
"c:\Users\Administrator\WeChatProjects\miniprogram-2\miniprogram\custom-tab-bar\index.js", "JavaScript", 0, 0, 0, 30, 0, 0, 0, 0, 0, 0, 0, 30
"c:\Users\Administrator\WeChatProjects\miniprogram-2\miniprogram\custom-tab-bar\index.json", "JSON", 6, 0, 0, 0, 0, 0, 0, 0, 0, 0, 0, 6
"c:\Users\Administrator\WeChatProjects\miniprogram-2\miniprogram\custom-tab-bar\index.wxml", "wxml", 0, 0, 0, 0, 0, 0, 7, 0, 0, 4, 0, 11
"c:\Users\Administrator\WeChatProjects\miniprogram-2\miniprogram\custom-tab-bar\index.wxss", "CSS", 0, 0, 0, 0, 0, 0, 0, 37, 0, 0, 5, 42
"c:\Users\Administrator\WeChatProjects\miniprogram-2\miniprogram\image\add.svg", "XML", 0, 0, 0, 0, 0, 3, 0, 0, 0, 0, 0, 3
"c:\Users\Administrator\WeChatProjects\miniprogram-2\miniprogram\image\addActive.svg", "XML", 0, 0, 0, 0, 0, 3, 0, 0, 0, 0, 0, 3
"c:\Users\Administrator\WeChatProjects\miniprogram-2\miniprogram\image\viewList.svg", "XML", 0, 0, 0, 0, 0, 5, 0, 0, 0, 0, 0, 5
"c:\Users\Administrator\WeChatProjects\miniprogram-2\miniprogram\image\viewListActive.svg", "XML", 0, 0, 0, 0, 0, 5, 0, 0, 0, 0, 0, 5
"c:\Users\Administrator\WeChatProjects\miniprogram-2\miniprogram\miniprogram_npm\dayjs\index.js", "JavaScript", 0, 0, 0, 11, 0, 0, 0, 0, 0, 2, 0, 13
"c:\Users\Administrator\WeChatProjects\miniprogram-2\miniprogram\miniprogram_npm\tdesign-miniprogram\.wechatide.ib.json", "JSON", 3895, 0, 0, 0, 0, 0, 0, 0, 0, 0, 1, 3896
"c:\Users\Administrator\WeChatProjects\miniprogram-2\miniprogram\miniprogram_npm\tdesign-miniprogram\action-sheet\README.md", "Markdown", 0, 0, 0, 0, 0, 0, 0, 0, 68, 0, 25, 93
"c:\Users\Administrator\WeChatProjects\miniprogram-2\miniprogram\miniprogram_npm\tdesign-miniprogram\action-sheet\action-sheet.d.ts", "TypeScript", 0, 0, 58, 0, 0, 0, 0, 0, 0, 0, 1, 59
"c:\Users\Administrator\WeChatProjects\miniprogram-2\miniprogram\miniprogram_npm\tdesign-miniprogram\action-sheet\action-sheet.js", "JavaScript", 0, 0, 0, 91, 0, 0, 0, 0, 0, 0, 1, 92
"c:\Users\Administrator\WeChatProjects\miniprogram-2\miniprogram\miniprogram_npm\tdesign-miniprogram\action-sheet\action-sheet.json", "JSON", 12, 0, 0, 0, 0, 0, 0, 0, 0, 0, 1, 13
"c:\Users\Administrator\WeChatProjects\miniprogram-2\miniprogram\miniprogram_npm\tdesign-miniprogram\action-sheet\action-sheet.wxml", "wxml", 0, 0, 0, 0, 0, 0, 32, 0, 0, 0, 1, 33
"c:\Users\Administrator\WeChatProjects\miniprogram-2\miniprogram\miniprogram_npm\tdesign-miniprogram\action-sheet\action-sheet.wxs", "JavaScript", 0, 0, 0, 17, 0, 0, 0, 0, 0, 0, 3, 20
"c:\Users\Administrator\WeChatProjects\miniprogram-2\miniprogram\miniprogram_npm\tdesign-miniprogram\action-sheet\action-sheet.wxss", "CSS", 0, 0, 0, 0, 0, 0, 0, 134, 0, 0, 1, 135
"c:\Users\Administrator\WeChatProjects\miniprogram-2\miniprogram\miniprogram_npm\tdesign-miniprogram\action-sheet\index.d.ts", "TypeScript", 0, 0, 3, 0, 0, 0, 0, 0, 0, 0, 1, 4
"c:\Users\Administrator\WeChatProjects\miniprogram-2\miniprogram\miniprogram_npm\tdesign-miniprogram\action-sheet\index.js", "JavaScript", 0, 0, 0, 3, 0, 0, 0, 0, 0, 0, 1, 4
"c:\Users\Administrator\WeChatProjects\miniprogram-2\miniprogram\miniprogram_npm\tdesign-miniprogram\action-sheet\props.d.ts", "TypeScript", 0, 0, 3, 0, 0, 0, 0, 0, 0, 0, 1, 4
"c:\Users\Administrator\WeChatProjects\miniprogram-2\miniprogram\miniprogram_npm\tdesign-miniprogram\action-sheet\props.js", "JavaScript", 0, 0, 0, 30, 0, 0, 0, 0, 0, 0, 1, 31
"c:\Users\Administrator\WeChatProjects\miniprogram-2\miniprogram\miniprogram_npm\tdesign-miniprogram\action-sheet\show.d.ts", "TypeScript", 0, 0, 27, 0, 0, 0, 0, 0, 0, 2, 1, 30
"c:\Users\Administrator\WeChatProjects\miniprogram-2\miniprogram\miniprogram_npm\tdesign-miniprogram\action-sheet\show.js", "JavaScript", 0, 0, 0, 33, 0, 0, 0, 0, 0, 0, 1, 34
"c:\Users\Administrator\WeChatProjects\miniprogram-2\miniprogram\miniprogram_npm\tdesign-miniprogram\action-sheet\template\action-sheet-grid.wxml", "wxml", 0, 0, 0, 0, 0, 0, 46, 0, 0, 0, 1, 47
"c:\Users\Administrator\WeChatProjects\miniprogram-2\miniprogram\miniprogram_npm\tdesign-miniprogram\action-sheet\template\action-sheet-item.wxml", "wxml", 0, 0, 0, 0, 0, 0, 17, 0, 0, 0, 1, 18
"c:\Users\Administrator\WeChatProjects\miniprogram-2\miniprogram\miniprogram_npm\tdesign-miniprogram\action-sheet\template\action-sheet-list.wxml", "wxml", 0, 0, 0, 0, 0, 0, 11, 0, 0, 0, 1, 12
"c:\Users\Administrator\WeChatProjects\miniprogram-2\miniprogram\miniprogram_npm\tdesign-miniprogram\action-sheet\type.d.ts", "TypeScript", 0, 0, 35, 0, 0, 0, 0, 0, 0, 0, 1, 36
"c:\Users\Administrator\WeChatProjects\miniprogram-2\miniprogram\miniprogram_npm\tdesign-miniprogram\action-sheet\type.js", "JavaScript", 0, 0, 0, 1, 0, 0, 0, 0, 0, 0, 1, 2
"c:\Users\Administrator\WeChatProjects\miniprogram-2\miniprogram\miniprogram_npm\tdesign-miniprogram\avatar\README.md", "Markdown", 0, 0, 0, 0, 0, 0, 0, 0, 58, 0, 23, 81
"c:\Users\Administrator\WeChatProjects\miniprogram-2\miniprogram\miniprogram_npm\tdesign-miniprogram\avatar\avatar-group-props.d.ts", "TypeScript", 0, 0, 3, 0, 0, 0, 0, 0, 0, 0, 1, 4
"c:\Users\Administrator\WeChatProjects\miniprogram-2\miniprogram\miniprogram_npm\tdesign-miniprogram\avatar\avatar-group-props.js", "JavaScript", 0, 0, 0, 20, 0, 0, 0, 0, 0, 0, 1, 21
"c:\Users\Administrator\WeChatProjects\miniprogram-2\miniprogram\miniprogram_npm\tdesign-miniprogram\avatar\avatar-group.d.ts", "TypeScript", 0, 0, 31, 0, 0, 0, 0, 0, 0, 0, 1, 32
"c:\Users\Administrator\WeChatProjects\miniprogram-2\miniprogram\miniprogram_npm\tdesign-miniprogram\avatar\avatar-group.js", "JavaScript", 0, 0, 0, 123, 0, 0, 0, 0, 0, 0, 1, 124
"c:\Users\Administrator\WeChatProjects\miniprogram-2\miniprogram\miniprogram_npm\tdesign-miniprogram\avatar\avatar-group.json", "JSON", 6, 0, 0, 0, 0, 0, 0, 0, 0, 0, 1, 7
"c:\Users\Administrator\WeChatProjects\miniprogram-2\miniprogram\miniprogram_npm\tdesign-miniprogram\avatar\avatar-group.wxml", "wxml", 0, 0, 0, 0, 0, 0, 14, 0, 0, 2, 1, 17
"c:\Users\Administrator\WeChatProjects\miniprogram-2\miniprogram\miniprogram_npm\tdesign-miniprogram\avatar\avatar-group.wxss", "CSS", 0, 0, 0, 0, 0, 0, 0, 75, 0, 0, 1, 76
"c:\Users\Administrator\WeChatProjects\miniprogram-2\miniprogram\miniprogram_npm\tdesign-miniprogram\avatar\avatar.d.ts", "TypeScript", 0, 0, 25, 0, 0, 0, 0, 0, 0, 0, 1, 26
"c:\Users\Administrator\WeChatProjects\miniprogram-2\miniprogram\miniprogram_npm\tdesign-miniprogram\avatar\avatar.js", "JavaScript", 0, 0, 0, 78, 0, 0, 0, 0, 0, 0, 1, 79
"c:\Users\Administrator\WeChatProjects\miniprogram-2\miniprogram\miniprogram_npm\tdesign-miniprogram\avatar\avatar.json", "JSON", 8, 0, 0, 0, 0, 0, 0, 0, 0, 0, 1, 9
"c:\Users\Administrator\WeChatProjects\miniprogram-2\miniprogram\miniprogram_npm\tdesign-miniprogram\avatar\avatar.wxml", "wxml", 0, 0, 0, 0, 0, 0, 39, 0, 0, 0, 2, 41
"c:\Users\Administrator\WeChatProjects\miniprogram-2\miniprogram\miniprogram_npm\tdesign-miniprogram\avatar\avatar.wxs", "JavaScript", 0, 0, 0, 25, 0, 0, 0, 0, 0, 0, 1, 26
"c:\Users\Administrator\WeChatProjects\miniprogram-2\miniprogram\miniprogram_npm\tdesign-miniprogram\avatar\avatar.wxss", "CSS", 0, 0, 0, 0, 0, 0, 0, 109, 0, 0, 1, 110
"c:\Users\Administrator\WeChatProjects\miniprogram-2\miniprogram\miniprogram_npm\tdesign-miniprogram\avatar\common.wxss", "CSS", 0, 0, 0, 0, 0, 0, 0, 12, 0, 0, 1, 13
"c:\Users\Administrator\WeChatProjects\miniprogram-2\miniprogram\miniprogram_npm\tdesign-miniprogram\avatar\props.d.ts", "TypeScript", 0, 0, 3, 0, 0, 0, 0, 0, 0, 0, 1, 4
"c:\Users\Administrator\WeChatProjects\miniprogram-2\miniprogram\miniprogram_npm\tdesign-miniprogram\avatar\props.js", "JavaScript", 0, 0, 0, 32, 0, 0, 0, 0, 0, 0, 1, 33
"c:\Users\Administrator\WeChatProjects\miniprogram-2\miniprogram\miniprogram_npm\tdesign-miniprogram\avatar\type.d.ts", "TypeScript", 0, 0, 59, 0, 0, 0, 0, 0, 0, 0, 1, 60
"c:\Users\Administrator\WeChatProjects\miniprogram-2\miniprogram\miniprogram_npm\tdesign-miniprogram\avatar\type.js", "JavaScript", 0, 0, 0, 1, 0, 0, 0, 0, 0, 0, 1, 2
"c:\Users\Administrator\WeChatProjects\miniprogram-2\miniprogram\miniprogram_npm\tdesign-miniprogram\back-top\README.md", "Markdown", 0, 0, 0, 0, 0, 0, 0, 0, 31, 0, 13, 44
"c:\Users\Administrator\WeChatProjects\miniprogram-2\miniprogram\miniprogram_npm\tdesign-miniprogram\back-top\back-top.d.ts", "TypeScript", 0, 0, 10, 0, 0, 0, 0, 0, 0, 0, 1, 11
"c:\Users\Administrator\WeChatProjects\miniprogram-2\miniprogram\miniprogram_npm\tdesign-miniprogram\back-top\back-top.js", "JavaScript", 0, 0, 0, 33, 0, 0, 0, 0, 0, 0, 1, 34
"c:\Users\Administrator\WeChatProjects\miniprogram-2\miniprogram\miniprogram_npm\tdesign-miniprogram\back-top\back-top.json", "JSON", 6, 0, 0, 0, 0, 0, 0, 0, 0, 0, 1, 7
"c:\Users\Administrator\WeChatProjects\miniprogram-2\miniprogram\miniprogram_npm\tdesign-miniprogram\back-top\back-top.wxml", "wxml", 0, 0, 0, 0, 0, 0, 8, 0, 0, 0, 1, 9
"c:\Users\Administrator\WeChatProjects\miniprogram-2\miniprogram\miniprogram_npm\tdesign-miniprogram\back-top\back-top.wxss", "CSS", 0, 0, 0, 0, 0, 0, 0, 116, 0, 0, 1, 117
"c:\Users\Administrator\WeChatProjects\miniprogram-2\miniprogram\miniprogram_npm\tdesign-miniprogram\back-top\props.d.ts", "TypeScript", 0, 0, 3, 0, 0, 0, 0, 0, 0, 0, 1, 4
"c:\Users\Administrator\WeChatProjects\miniprogram-2\miniprogram\miniprogram_npm\tdesign-miniprogram\back-top\props.js", "JavaScript", 0, 0, 0, 22, 0, 0, 0, 0, 0, 0, 1, 23
"c:\Users\Administrator\WeChatProjects\miniprogram-2\miniprogram\miniprogram_npm\tdesign-miniprogram\back-top\type.d.ts", "TypeScript", 0, 0, 27, 0, 0, 0, 0, 0, 0, 0, 1, 28
"c:\Users\Administrator\WeChatProjects\miniprogram-2\miniprogram\miniprogram_npm\tdesign-miniprogram\back-top\type.js", "JavaScript", 0, 0, 0, 2, 0, 0, 0, 0, 0, 0, 1, 3
"c:\Users\Administrator\WeChatProjects\miniprogram-2\miniprogram\miniprogram_npm\tdesign-miniprogram\badge\README.md", "Markdown", 0, 0, 0, 0, 0, 0, 0, 0, 39, 0, 18, 57
"c:\Users\Administrator\WeChatProjects\miniprogram-2\miniprogram\miniprogram_npm\tdesign-miniprogram\badge\badge.d.ts", "TypeScript", 0, 0, 15, 0, 0, 0, 0, 0, 0, 0, 1, 16
"c:\Users\Administrator\WeChatProjects\miniprogram-2\miniprogram\miniprogram_npm\tdesign-miniprogram\badge\badge.js", "JavaScript", 0, 0, 0, 29, 0, 0, 0, 0, 0, 0, 1, 30
"c:\Users\Administrator\WeChatProjects\miniprogram-2\miniprogram\miniprogram_npm\tdesign-miniprogram\badge\badge.json", "JSON", 4, 0, 0, 0, 0, 0, 0, 0, 0, 0, 2, 6
"c:\Users\Administrator\WeChatProjects\miniprogram-2\miniprogram\miniprogram_npm\tdesign-miniprogram\badge\badge.wxml", "wxml", 0, 0, 0, 0, 0, 0, 14, 0, 0, 0, 2, 16
"c:\Users\Administrator\WeChatProjects\miniprogram-2\miniprogram\miniprogram_npm\tdesign-miniprogram\badge\badge.wxs", "JavaScript", 0, 0, 0, 63, 0, 0, 0, 0, 0, 0, 7, 70
"c:\Users\Administrator\WeChatProjects\miniprogram-2\miniprogram\miniprogram_npm\tdesign-miniprogram\badge\badge.wxss", "CSS", 0, 0, 0, 0, 0, 0, 0, 97, 0, 0, 1, 98
"c:\Users\Administrator\WeChatProjects\miniprogram-2\miniprogram\miniprogram_npm\tdesign-miniprogram\badge\index.d.ts", "TypeScript", 0, 0, 3, 0, 0, 0, 0, 0, 0, 0, 1, 4
"c:\Users\Administrator\WeChatProjects\miniprogram-2\miniprogram\miniprogram_npm\tdesign-miniprogram\badge\index.js", "JavaScript", 0, 0, 0, 3, 0, 0, 0, 0, 0, 0, 1, 4
"c:\Users\Administrator\WeChatProjects\miniprogram-2\miniprogram\miniprogram_npm\tdesign-miniprogram\badge\props.d.ts", "TypeScript", 0, 0, 3, 0, 0, 0, 0, 0, 0, 0, 1, 4
"c:\Users\Administrator\WeChatProjects\miniprogram-2\miniprogram\miniprogram_npm\tdesign-miniprogram\badge\props.js", "JavaScript", 0, 0, 0, 42, 0, 0, 0, 0, 0, 0, 1, 43
"c:\Users\Administrator\WeChatProjects\miniprogram-2\miniprogram\miniprogram_npm\tdesign-miniprogram\badge\type.d.ts", "TypeScript", 0, 0, 53, 0, 0, 0, 0, 0, 0, 0, 1, 54
"c:\Users\Administrator\WeChatProjects\miniprogram-2\miniprogram\miniprogram_npm\tdesign-miniprogram\badge\type.js", "JavaScript", 0, 0, 0, 2, 0, 0, 0, 0, 0, 0, 1, 3
"c:\Users\Administrator\WeChatProjects\miniprogram-2\miniprogram\miniprogram_npm\tdesign-miniprogram\behaviors\dom.d.ts", "TypeScript", 0, 0, 2, 0, 0, 0, 0, 0, 0, 0, 1, 3
"c:\Users\Administrator\WeChatProjects\miniprogram-2\miniprogram\miniprogram_npm\tdesign-miniprogram\behaviors\dom.js", "JavaScript", 0, 0, 0, 27, 0, 0, 0, 0, 0, 0, 1, 28
"c:\Users\Administrator\WeChatProjects\miniprogram-2\miniprogram\miniprogram_npm\tdesign-miniprogram\behaviors\touch.d.ts", "TypeScript", 0, 0, 2, 0, 0, 0, 0, 0, 0, 0, 1, 3
"c:\Users\Administrator\WeChatProjects\miniprogram-2\miniprogram\miniprogram_npm\tdesign-miniprogram\behaviors\touch.js", "JavaScript", 0, 0, 0, 35, 0, 0, 0, 0, 0, 0, 1, 36
"c:\Users\Administrator\WeChatProjects\miniprogram-2\miniprogram\miniprogram_npm\tdesign-miniprogram\button-group\README.md", "Markdown", 0, 0, 0, 0, 0, 0, 0, 0, 31, 1, 15, 47
"c:\Users\Administrator\WeChatProjects\miniprogram-2\miniprogram\miniprogram_npm\tdesign-miniprogram\button-group\button-group.d.ts", "TypeScript", 0, 0, 1, 0, 0, 0, 0, 0, 0, 0, 1, 2
"c:\Users\Administrator\WeChatProjects\miniprogram-2\miniprogram\miniprogram_npm\tdesign-miniprogram\button-group\button-group.js", "JavaScript", 0, 0, 0, 35, 0, 0, 0, 0, 0, 0, 1, 36
"c:\Users\Administrator\WeChatProjects\miniprogram-2\miniprogram\miniprogram_npm\tdesign-miniprogram\button-group\button-group.json", "JSON", 4, 0, 0, 0, 0, 0, 0, 0, 0, 0, 1, 5
"c:\Users\Administrator\WeChatProjects\miniprogram-2\miniprogram\miniprogram_npm\tdesign-miniprogram\button-group\button-group.wxml", "wxml", 0, 0, 0, 0, 0, 0, 3, 0, 0, 0, 1, 4
"c:\Users\Administrator\WeChatProjects\miniprogram-2\miniprogram\miniprogram_npm\tdesign-miniprogram\button-group\button-group.wxss", "CSS", 0, 0, 0, 0, 0, 0, 0, 46, 0, 1, 1, 48
"c:\Users\Administrator\WeChatProjects\miniprogram-2\miniprogram\miniprogram_npm\tdesign-miniprogram\button\README.md", "Markdown", 0, 0, 0, 0, 0, 0, 0, 0, 71, 0, 18, 89
"c:\Users\Administrator\WeChatProjects\miniprogram-2\miniprogram\miniprogram_npm\tdesign-miniprogram\button\button.d.ts", "TypeScript", 0, 0, 31, 0, 0, 0, 0, 0, 0, 0, 1, 32
"c:\Users\Administrator\WeChatProjects\miniprogram-2\miniprogram\miniprogram_npm\tdesign-miniprogram\button\button.js", "JavaScript", 0, 0, 0, 89, 0, 0, 0, 0, 0, 0, 1, 90
"c:\Users\Administrator\WeChatProjects\miniprogram-2\miniprogram\miniprogram_npm\tdesign-miniprogram\button\button.json", "JSON", 7, 0, 0, 0, 0, 0, 0, 0, 0, 0, 1, 8
"c:\Users\Administrator\WeChatProjects\miniprogram-2\miniprogram\miniprogram_npm\tdesign-miniprogram\button\button.wxml", "wxml", 0, 0, 0, 0, 0, 0, 58, 0, 0, 0, 1, 59
"c:\Users\Administrator\WeChatProjects\miniprogram-2\miniprogram\miniprogram_npm\tdesign-miniprogram\button\button.wxss", "CSS", 0, 0, 0, 0, 0, 0, 0, 247, 0, 1, 1, 249
"c:\Users\Administrator\WeChatProjects\miniprogram-2\miniprogram\miniprogram_npm\tdesign-miniprogram\button\index.d.ts", "TypeScript", 0, 0, 3, 0, 0, 0, 0, 0, 0, 0, 1, 4
"c:\Users\Administrator\WeChatProjects\miniprogram-2\miniprogram\miniprogram_npm\tdesign-miniprogram\button\index.js", "JavaScript", 0, 0, 0, 3, 0, 0, 0, 0, 0, 0, 1, 4
"c:\Users\Administrator\WeChatProjects\miniprogram-2\miniprogram\miniprogram_npm\tdesign-miniprogram\button\props.d.ts", "TypeScript", 0, 0, 3, 0, 0, 0, 0, 0, 0, 0, 1, 4
"c:\Users\Administrator\WeChatProjects\miniprogram-2\miniprogram\miniprogram_npm\tdesign-miniprogram\button\props.js", "JavaScript", 0, 0, 0, 101, 0, 0, 0, 0, 0, 0, 1, 102
"c:\Users\Administrator\WeChatProjects\miniprogram-2\miniprogram\miniprogram_npm\tdesign-miniprogram\button\type.d.ts", "TypeScript", 0, 0, 108, 0, 0, 0, 0, 0, 0, 0, 1, 109
"c:\Users\Administrator\WeChatProjects\miniprogram-2\miniprogram\miniprogram_npm\tdesign-miniprogram\button\type.js", "JavaScript", 0, 0, 0, 1, 0, 0, 0, 0, 0, 0, 1, 2
"c:\Users\Administrator\WeChatProjects\miniprogram-2\miniprogram\miniprogram_npm\tdesign-miniprogram\calendar\README.en-US.md", "Markdown", 0, 0, 0, 0, 0, 0, 0, 0, 19, 0, 5, 24
"c:\Users\Administrator\WeChatProjects\miniprogram-2\miniprogram\miniprogram_npm\tdesign-miniprogram\calendar\README.md", "Markdown", 0, 0, 0, 0, 0, 0, 0, 0, 43, 0, 17, 60
"c:\Users\Administrator\WeChatProjects\miniprogram-2\miniprogram\miniprogram_npm\tdesign-miniprogram\calendar\calendar.d.ts", "TypeScript", 0, 0, 23, 0, 0, 0, 0, 0, 0, 1, 1, 25
"c:\Users\Administrator\WeChatProjects\miniprogram-2\miniprogram\miniprogram_npm\tdesign-miniprogram\calendar\calendar.js", "JavaScript", 0, 0, 0, 69, 0, 0, 0, 0, 0, 0, 1, 70
"c:\Users\Administrator\WeChatProjects\miniprogram-2\miniprogram\miniprogram_npm\tdesign-miniprogram\calendar\calendar.json", "JSON", 8, 0, 0, 0, 0, 0, 0, 0, 0, 0, 1, 9
"c:\Users\Administrator\WeChatProjects\miniprogram-2\miniprogram\miniprogram_npm\tdesign-miniprogram\calendar\calendar.wxml", "wxml", 0, 0, 0, 0, 0, 0, 50, 0, 0, 1, 2, 53
"c:\Users\Administrator\WeChatProjects\miniprogram-2\miniprogram\miniprogram_npm\tdesign-miniprogram\calendar\calendar.wxss", "CSS", 0, 0, 0, 0, 0, 0, 0, 160, 0, 0, 1, 161
"c:\Users\Administrator\WeChatProjects\miniprogram-2\miniprogram\miniprogram_npm\tdesign-miniprogram\calendar\index.d.ts", "TypeScript", 0, 0, 2, 0, 0, 0, 0, 0, 0, 0, 1, 3
"c:\Users\Administrator\WeChatProjects\miniprogram-2\miniprogram\miniprogram_npm\tdesign-miniprogram\calendar\index.js", "JavaScript", 0, 0, 0, 2, 0, 0, 0, 0, 0, 0, 1, 3
"c:\Users\Administrator\WeChatProjects\miniprogram-2\miniprogram\miniprogram_npm\tdesign-miniprogram\calendar\props.d.ts", "TypeScript", 0, 0, 3, 0, 0, 0, 0, 0, 0, 0, 1, 4
"c:\Users\Administrator\WeChatProjects\miniprogram-2\miniprogram\miniprogram_npm\tdesign-miniprogram\calendar\props.js", "JavaScript", 0, 0, 0, 34, 0, 0, 0, 0, 0, 0, 1, 35
"c:\Users\Administrator\WeChatProjects\miniprogram-2\miniprogram\miniprogram_npm\tdesign-miniprogram\calendar\type.d.ts", "TypeScript", 0, 0, 49, 0, 0, 0, 0, 0, 0, 0, 1, 50
"c:\Users\Administrator\WeChatProjects\miniprogram-2\miniprogram\miniprogram_npm\tdesign-miniprogram\calendar\type.js", "JavaScript", 0, 0, 0, 1, 0, 0, 0, 0, 0, 0, 1, 2
"c:\Users\Administrator\WeChatProjects\miniprogram-2\miniprogram\miniprogram_npm\tdesign-miniprogram\cell-group\cell-group.d.ts", "TypeScript", 0, 0, 12, 0, 0, 0, 0, 0, 0, 0, 1, 13
"c:\Users\Administrator\WeChatProjects\miniprogram-2\miniprogram\miniprogram_npm\tdesign-miniprogram\cell-group\cell-group.js", "JavaScript", 0, 0, 0, 29, 0, 0, 0, 0, 0, 0, 1, 30
"c:\Users\Administrator\WeChatProjects\miniprogram-2\miniprogram\miniprogram_npm\tdesign-miniprogram\cell-group\cell-group.json", "JSON", 3, 0, 0, 0, 0, 0, 0, 0, 0, 0, 1, 4
"c:\Users\Administrator\WeChatProjects\miniprogram-2\miniprogram\miniprogram_npm\tdesign-miniprogram\cell-group\cell-group.wxml", "wxml", 0, 0, 0, 0, 0, 0, 4, 0, 0, 0, 1, 5
"c:\Users\Administrator\WeChatProjects\miniprogram-2\miniprogram\miniprogram_npm\tdesign-miniprogram\cell-group\cell-group.wxss", "CSS", 0, 0, 0, 0, 0, 0, 0, 63, 0, 0, 1, 64
"c:\Users\Administrator\WeChatProjects\miniprogram-2\miniprogram\miniprogram_npm\tdesign-miniprogram\cell-group\props.d.ts", "TypeScript", 0, 0, 3, 0, 0, 0, 0, 0, 0, 0, 1, 4
"c:\Users\Administrator\WeChatProjects\miniprogram-2\miniprogram\miniprogram_npm\tdesign-miniprogram\cell-group\props.js", "JavaScript", 0, 0, 0, 14, 0, 0, 0, 0, 0, 0, 1, 15
"c:\Users\Administrator\WeChatProjects\miniprogram-2\miniprogram\miniprogram_npm\tdesign-miniprogram\cell-group\type.d.ts", "TypeScript", 0, 0, 17, 0, 0, 0, 0, 0, 0, 0, 1, 18
"c:\Users\Administrator\WeChatProjects\miniprogram-2\miniprogram\miniprogram_npm\tdesign-miniprogram\cell-group\type.js", "JavaScript", 0, 0, 0, 2, 0, 0, 0, 0, 0, 0, 1, 3
"c:\Users\Administrator\WeChatProjects\miniprogram-2\miniprogram\miniprogram_npm\tdesign-miniprogram\cell\README.md", "Markdown", 0, 0, 0, 0, 0, 0, 0, 0, 43, 0, 15, 58
"c:\Users\Administrator\WeChatProjects\miniprogram-2\miniprogram\miniprogram_npm\tdesign-miniprogram\cell\cell.d.ts", "TypeScript", 0, 0, 14, 0, 0, 0, 0, 0, 0, 0, 1, 15
"c:\Users\Administrator\WeChatProjects\miniprogram-2\miniprogram\miniprogram_npm\tdesign-miniprogram\cell\cell.js", "JavaScript", 0, 0, 0, 51, 0, 0, 0, 0, 0, 0, 1, 52
"c:\Users\Administrator\WeChatProjects\miniprogram-2\miniprogram\miniprogram_npm\tdesign-miniprogram\cell\cell.json", "JSON", 6, 0, 0, 0, 0, 0, 0, 0, 0, 0, 1, 7
"c:\Users\Administrator\WeChatProjects\miniprogram-2\miniprogram\miniprogram_npm\tdesign-miniprogram\cell\cell.wxml", "wxml", 0, 0, 0, 0, 0, 0, 37, 0, 0, 0, 4, 41
"c:\Users\Administrator\WeChatProjects\miniprogram-2\miniprogram\miniprogram_npm\tdesign-miniprogram\cell\cell.wxss", "CSS", 0, 0, 0, 0, 0, 0, 0, 121, 0, 0, 1, 122
"c:\Users\Administrator\WeChatProjects\miniprogram-2\miniprogram\miniprogram_npm\tdesign-miniprogram\cell\props.d.ts", "TypeScript", 0, 0, 3, 0, 0, 0, 0, 0, 0, 0, 1, 4
"c:\Users\Administrator\WeChatProjects\miniprogram-2\miniprogram\miniprogram_npm\tdesign-miniprogram\cell\props.js", "JavaScript", 0, 0, 0, 51, 0, 0, 0, 0, 0, 0, 1, 52
"c:\Users\Administrator\WeChatProjects\miniprogram-2\miniprogram\miniprogram_npm\tdesign-miniprogram\cell\type.d.ts", "TypeScript", 0, 0, 72, 0, 0, 0, 0, 0, 0, 0, 1, 73
"c:\Users\Administrator\WeChatProjects\miniprogram-2\miniprogram\miniprogram_npm\tdesign-miniprogram\cell\type.js", "JavaScript", 0, 0, 0, 1, 0, 0, 0, 0, 0, 0, 1, 2
"c:\Users\Administrator\WeChatProjects\miniprogram-2\miniprogram\miniprogram_npm\tdesign-miniprogram\checkbox-group\README.md", "Markdown", 0, 0, 0, 0, 0, 0, 0, 0, 42, 1, 17, 60
"c:\Users\Administrator\WeChatProjects\miniprogram-2\miniprogram\miniprogram_npm\tdesign-miniprogram\checkbox-group\checkbox-group.d.ts", "TypeScript", 0, 0, 62, 0, 0, 0, 0, 0, 0, 0, 1, 63
"c:\Users\Administrator\WeChatProjects\miniprogram-2\miniprogram\miniprogram_npm\tdesign-miniprogram\checkbox-group\checkbox-group.js", "JavaScript", 0, 0, 0, 148, 0, 0, 0, 0, 0, 0, 1, 149
"c:\Users\Administrator\WeChatProjects\miniprogram-2\miniprogram\miniprogram_npm\tdesign-miniprogram\checkbox-group\checkbox-group.json", "JSON", 6, 0, 0, 0, 0, 0, 0, 0, 0, 0, 1, 7
"c:\Users\Administrator\WeChatProjects\miniprogram-2\miniprogram\miniprogram_npm\tdesign-miniprogram\checkbox-group\checkbox-group.wxml", "wxml", 0, 0, 0, 0, 0, 0, 14, 0, 0, 0, 1, 15
"c:\Users\Administrator\WeChatProjects\miniprogram-2\miniprogram\miniprogram_npm\tdesign-miniprogram\checkbox-group\checkbox-group.wxss", "CSS", 0, 0, 0, 0, 0, 0, 0, 0, 0, 0, 1, 1
"c:\Users\Administrator\WeChatProjects\miniprogram-2\miniprogram\miniprogram_npm\tdesign-miniprogram\checkbox\README.md", "Markdown", 0, 0, 0, 0, 0, 0, 0, 0, 69, 0, 28, 97
"c:\Users\Administrator\WeChatProjects\miniprogram-2\miniprogram\miniprogram_npm\tdesign-miniprogram\checkbox\checkbox-group-props.d.ts", "TypeScript", 0, 0, 3, 0, 0, 0, 0, 0, 0, 0, 1, 4
"c:\Users\Administrator\WeChatProjects\miniprogram-2\miniprogram\miniprogram_npm\tdesign-miniprogram\checkbox\checkbox-group-props.js", "JavaScript", 0, 0, 0, 27, 0, 0, 0, 0, 0, 0, 1, 28
"c:\Users\Administrator\WeChatProjects\miniprogram-2\miniprogram\miniprogram_npm\tdesign-miniprogram\checkbox\checkbox.d.ts", "TypeScript", 0, 0, 97, 0, 0, 0, 0, 0, 0, 0, 1, 98
"c:\Users\Administrator\WeChatProjects\miniprogram-2\miniprogram\miniprogram_npm\tdesign-miniprogram\checkbox\checkbox.js", "JavaScript", 0, 0, 0, 85, 0, 0, 0, 0, 0, 0, 1, 86
"c:\Users\Administrator\WeChatProjects\miniprogram-2\miniprogram\miniprogram_npm\tdesign-miniprogram\checkbox\checkbox.json", "JSON", 7, 0, 0, 0, 0, 0, 0, 0, 0, 0, 1, 8
"c:\Users\Administrator\WeChatProjects\miniprogram-2\miniprogram\miniprogram_npm\tdesign-miniprogram\checkbox\checkbox.wxml", "wxml", 0, 0, 0, 0, 0, 0, 42, 0, 0, 5, 1, 48
"c:\Users\Administrator\WeChatProjects\miniprogram-2\miniprogram\miniprogram_npm\tdesign-miniprogram\checkbox\checkbox.wxss", "CSS", 0, 0, 0, 0, 0, 0, 0, 132, 0, 0, 1, 133
"c:\Users\Administrator\WeChatProjects\miniprogram-2\miniprogram\miniprogram_npm\tdesign-miniprogram\checkbox\props.d.ts", "TypeScript", 0, 0, 3, 0, 0, 0, 0, 0, 0, 0, 1, 4
"c:\Users\Administrator\WeChatProjects\miniprogram-2\miniprogram\miniprogram_npm\tdesign-miniprogram\checkbox\props.js", "JavaScript", 0, 0, 0, 66, 0, 0, 0, 0, 0, 0, 1, 67
"c:\Users\Administrator\WeChatProjects\miniprogram-2\miniprogram\miniprogram_npm\tdesign-miniprogram\checkbox\type.d.ts", "TypeScript", 0, 0, 105, 0, 0, 0, 0, 0, 0, 0, 1, 106
"c:\Users\Administrator\WeChatProjects\miniprogram-2\miniprogram\miniprogram_npm\tdesign-miniprogram\checkbox\type.js", "JavaScript", 0, 0, 0, 1, 0, 0, 0, 0, 0, 0, 1, 2
"c:\Users\Administrator\WeChatProjects\miniprogram-2\miniprogram\miniprogram_npm\tdesign-miniprogram\collapse\README.md", "Markdown", 0, 0, 0, 0, 0, 0, 0, 0, 49, 0, 20, 69
"c:\Users\Administrator\WeChatProjects\miniprogram-2\miniprogram\miniprogram_npm\tdesign-miniprogram\collapse\collapse-panel-props.d.ts", "TypeScript", 0, 0, 3, 0, 0, 0, 0, 0, 0, 0, 1, 4
"c:\Users\Administrator\WeChatProjects\miniprogram-2\miniprogram\miniprogram_npm\tdesign-miniprogram\collapse\collapse-panel-props.js", "JavaScript", 0, 0, 0, 26, 0, 0, 0, 0, 0, 0, 1, 27
"c:\Users\Administrator\WeChatProjects\miniprogram-2\miniprogram\miniprogram_npm\tdesign-miniprogram\collapse\collapse-panel.d.ts", "TypeScript", 0, 0, 29, 0, 0, 0, 0, 0, 0, 0, 1, 30
"c:\Users\Administrator\WeChatProjects\miniprogram-2\miniprogram\miniprogram_npm\tdesign-miniprogram\collapse\collapse-panel.js", "JavaScript", 0, 0, 0, 116, 0, 0, 0, 0, 0, 0, 1, 117
"c:\Users\Administrator\WeChatProjects\miniprogram-2\miniprogram\miniprogram_npm\tdesign-miniprogram\collapse\collapse-panel.json", "JSON", 6, 0, 0, 0, 0, 0, 0, 0, 0, 0, 1, 7
"c:\Users\Administrator\WeChatProjects\miniprogram-2\miniprogram\miniprogram_npm\tdesign-miniprogram\collapse\collapse-panel.wxml", "wxml", 0, 0, 0, 0, 0, 0, 29, 0, 0, 1, 2, 32
"c:\Users\Administrator\WeChatProjects\miniprogram-2\miniprogram\miniprogram_npm\tdesign-miniprogram\collapse\collapse-panel.wxss", "CSS", 0, 0, 0, 0, 0, 0, 0, 92, 0, 0, 1, 93
"c:\Users\Administrator\WeChatProjects\miniprogram-2\miniprogram\miniprogram_npm\tdesign-miniprogram\collapse\collapse.d.ts", "TypeScript", 0, 0, 27, 0, 0, 0, 0, 0, 0, 0, 1, 28
"c:\Users\Administrator\WeChatProjects\miniprogram-2\miniprogram\miniprogram_npm\tdesign-miniprogram\collapse\collapse.js", "JavaScript", 0, 0, 0, 70, 0, 0, 0, 0, 0, 0, 1, 71
"c:\Users\Administrator\WeChatProjects\miniprogram-2\miniprogram\miniprogram_npm\tdesign-miniprogram\collapse\collapse.json", "JSON", 3, 0, 0, 0, 0, 0, 0, 0, 0, 0, 1, 4
"c:\Users\Administrator\WeChatProjects\miniprogram-2\miniprogram\miniprogram_npm\tdesign-miniprogram\collapse\collapse.wxml", "wxml", 0, 0, 0, 0, 0, 0, 3, 0, 0, 0, 1, 4
"c:\Users\Administrator\WeChatProjects\miniprogram-2\miniprogram\miniprogram_npm\tdesign-miniprogram\collapse\collapse.wxss", "CSS", 0, 0, 0, 0, 0, 0, 0, 49, 0, 0, 1, 50
"c:\Users\Administrator\WeChatProjects\miniprogram-2\miniprogram\miniprogram_npm\tdesign-miniprogram\collapse\index.d.ts", "TypeScript", 0, 0, 6, 0, 0, 0, 0, 0, 0, 0, 1, 7
"c:\Users\Administrator\WeChatProjects\miniprogram-2\miniprogram\miniprogram_npm\tdesign-miniprogram\collapse\index.js", "JavaScript", 0, 0, 0, 4, 0, 0, 0, 0, 0, 0, 1, 5
"c:\Users\Administrator\WeChatProjects\miniprogram-2\miniprogram\miniprogram_npm\tdesign-miniprogram\collapse\props.d.ts", "TypeScript", 0, 0, 3, 0, 0, 0, 0, 0, 0, 0, 1, 4
"c:\Users\Administrator\WeChatProjects\miniprogram-2\miniprogram\miniprogram_npm\tdesign-miniprogram\collapse\props.js", "JavaScript", 0, 0, 0, 25, 0, 0, 0, 0, 0, 0, 1, 26
"c:\Users\Administrator\WeChatProjects\miniprogram-2\miniprogram\miniprogram_npm\tdesign-miniprogram\collapse\type.d.ts", "TypeScript", 0, 0, 57, 0, 0, 0, 0, 0, 0, 0, 1, 58
"c:\Users\Administrator\WeChatProjects\miniprogram-2\miniprogram\miniprogram_npm\tdesign-miniprogram\collapse\type.js", "JavaScript", 0, 0, 0, 1, 0, 0, 0, 0, 0, 0, 1, 2
"c:\Users\Administrator\WeChatProjects\miniprogram-2\miniprogram\miniprogram_npm\tdesign-miniprogram\common\common.d.ts", "TypeScript", 0, 0, 34, 0, 0, 0, 0, 0, 0, 0, 1, 35
"c:\Users\Administrator\WeChatProjects\miniprogram-2\miniprogram\miniprogram_npm\tdesign-miniprogram\common\common.js", "JavaScript", 0, 0, 0, 1, 0, 0, 0, 0, 0, 0, 1, 2
"c:\Users\Administrator\WeChatProjects\miniprogram-2\miniprogram\miniprogram_npm\tdesign-miniprogram\common\component.d.ts", "TypeScript", 0, 0, 2, 0, 0, 0, 0, 0, 0, 1, 1, 4
"c:\Users\Administrator\WeChatProjects\miniprogram-2\miniprogram\miniprogram_npm\tdesign-miniprogram\common\component.js", "JavaScript", 0, 0, 0, 5, 0, 0, 0, 0, 0, 0, 1, 6
"c:\Users\Administrator\WeChatProjects\miniprogram-2\miniprogram\miniprogram_npm\tdesign-miniprogram\common\config.d.ts", "TypeScript", 0, 0, 4, 0, 0, 0, 0, 0, 0, 0, 1, 5
"c:\Users\Administrator\WeChatProjects\miniprogram-2\miniprogram\miniprogram_npm\tdesign-miniprogram\common\config.js", "JavaScript", 0, 0, 0, 3, 0, 0, 0, 0, 0, 0, 1, 4
"c:\Users\Administrator\WeChatProjects\miniprogram-2\miniprogram\miniprogram_npm\tdesign-miniprogram\common\index.wxss", "CSS", 0, 0, 0, 0, 0, 0, 0, 27, 0, 0, 1, 28
"c:\Users\Administrator\WeChatProjects\miniprogram-2\miniprogram\miniprogram_npm\tdesign-miniprogram\common\shared\calendar\index.d.ts", "TypeScript", 0, 0, 19, 0, 0, 0, 0, 0, 0, 0, 1, 20
"c:\Users\Administrator\WeChatProjects\miniprogram-2\miniprogram\miniprogram_npm\tdesign-miniprogram\common\shared\calendar\index.js", "JavaScript", 0, 0, 0, 128, 0, 0, 0, 0, 0, 0, 1, 129
"c:\Users\Administrator\WeChatProjects\miniprogram-2\miniprogram\miniprogram_npm\tdesign-miniprogram\common\shared\calendar\type.d.ts", "TypeScript", 0, 0, 11, 0, 0, 0, 0, 0, 0, 0, 1, 12
"c:\Users\Administrator\WeChatProjects\miniprogram-2\miniprogram\miniprogram_npm\tdesign-miniprogram\common\shared\calendar\type.js", "JavaScript", 0, 0, 0, 1, 0, 0, 0, 0, 0, 0, 1, 2
"c:\Users\Administrator\WeChatProjects\miniprogram-2\miniprogram\miniprogram_npm\tdesign-miniprogram\common\shared\date.d.ts", "TypeScript", 0, 0, 21, 0, 0, 0, 0, 0, 0, 0, 1, 22
"c:\Users\Administrator\WeChatProjects\miniprogram-2\miniprogram\miniprogram_npm\tdesign-miniprogram\common\shared\date.js", "JavaScript", 0, 0, 0, 41, 0, 0, 0, 0, 0, 0, 1, 42
"c:\Users\Administrator\WeChatProjects\miniprogram-2\miniprogram\miniprogram_npm\tdesign-miniprogram\common\src\control.d.ts", "TypeScript", 0, 0, 15, 0, 0, 0, 0, 0, 0, 0, 1, 16
"c:\Users\Administrator\WeChatProjects\miniprogram-2\miniprogram\miniprogram_npm\tdesign-miniprogram\common\src\control.js", "JavaScript", 0, 0, 0, 40, 0, 0, 0, 0, 0, 0, 1, 41
"c:\Users\Administrator\WeChatProjects\miniprogram-2\miniprogram\miniprogram_npm\tdesign-miniprogram\common\src\flatTool.d.ts", "TypeScript", 0, 0, 15, 0, 0, 0, 0, 0, 0, 0, 1, 16
"c:\Users\Administrator\WeChatProjects\miniprogram-2\miniprogram\miniprogram_npm\tdesign-miniprogram\common\src\flatTool.js", "JavaScript", 0, 0, 0, 57, 0, 0, 0, 0, 0, 0, 1, 58
"c:\Users\Administrator\WeChatProjects\miniprogram-2\miniprogram\miniprogram_npm\tdesign-miniprogram\common\src\index.d.ts", "TypeScript", 0, 0, 4, 0, 0, 0, 0, 0, 0, 0, 1, 5
"c:\Users\Administrator\WeChatProjects\miniprogram-2\miniprogram\miniprogram_npm\tdesign-miniprogram\common\src\index.js", "JavaScript", 0, 0, 0, 4, 0, 0, 0, 0, 0, 0, 1, 5
"c:\Users\Administrator\WeChatProjects\miniprogram-2\miniprogram\miniprogram_npm\tdesign-miniprogram\common\src\instantiationDecorator.d.ts", "TypeScript", 0, 0, 3, 0, 0, 0, 0, 0, 0, 0, 1, 4
"c:\Users\Administrator\WeChatProjects\miniprogram-2\miniprogram\miniprogram_npm\tdesign-miniprogram\common\src\instantiationDecorator.js", "JavaScript", 0, 0, 0, 98, 0, 0, 0, 0, 0, 0, 1, 99
"c:\Users\Administrator\WeChatProjects\miniprogram-2\miniprogram\miniprogram_npm\tdesign-miniprogram\common\src\superComponent.d.ts", "TypeScript", 0, 0, 18, 0, 0, 0, 0, 0, 0, 1, 1, 20
"c:\Users\Administrator\WeChatProjects\miniprogram-2\miniprogram\miniprogram_npm\tdesign-miniprogram\common\src\superComponent.js", "JavaScript", 0, 0, 0, 5, 0, 0, 0, 0, 0, 0, 1, 6
"c:\Users\Administrator\WeChatProjects\miniprogram-2\miniprogram\miniprogram_npm\tdesign-miniprogram\common\style\_variables.wxss", "CSS", 0, 0, 0, 0, 0, 0, 0, 0, 0, 0, 1, 1
"c:\Users\Administrator\WeChatProjects\miniprogram-2\miniprogram\miniprogram_npm\tdesign-miniprogram\common\style\base.wxss", "CSS", 0, 0, 0, 0, 0, 0, 0, 0, 0, 0, 1, 1
"c:\Users\Administrator\WeChatProjects\miniprogram-2\miniprogram\miniprogram_npm\tdesign-miniprogram\common\style\index.wxss", "CSS", 0, 0, 0, 0, 0, 0, 0, 27, 0, 0, 1, 28
"c:\Users\Administrator\WeChatProjects\miniprogram-2\miniprogram\miniprogram_npm\tdesign-miniprogram\common\style\mixins\_clearfix.wxss", "CSS", 0, 0, 0, 0, 0, 0, 0, 0, 0, 0, 1, 1
"c:\Users\Administrator\WeChatProjects\miniprogram-2\miniprogram\miniprogram_npm\tdesign-miniprogram\common\style\mixins\_ellipsis.wxss", "CSS", 0, 0, 0, 0, 0, 0, 0, 0, 0, 0, 1, 1
"c:\Users\Administrator\WeChatProjects\miniprogram-2\miniprogram\miniprogram_npm\tdesign-miniprogram\common\style\mixins\_hairline.wxss", "CSS", 0, 0, 0, 0, 0, 0, 0, 0, 0, 0, 1, 1
"c:\Users\Administrator\WeChatProjects\miniprogram-2\miniprogram\miniprogram_npm\tdesign-miniprogram\common\style\mixins\_index.wxss", "CSS", 0, 0, 0, 0, 0, 0, 0, 0, 0, 0, 1, 1
"c:\Users\Administrator\WeChatProjects\miniprogram-2\miniprogram\miniprogram_npm\tdesign-miniprogram\common\style\theme\_index.wxss", "CSS", 0, 0, 0, 0, 0, 0, 0, 0, 0, 0, 1, 1
"c:\Users\Administrator\WeChatProjects\miniprogram-2\miniprogram\miniprogram_npm\tdesign-miniprogram\common\style\utilities\_animation.wxss", "CSS", 0, 0, 0, 0, 0, 0, 0, 8, 0, 0, 1, 9
"c:\Users\Administrator\WeChatProjects\miniprogram-2\miniprogram\miniprogram_npm\tdesign-miniprogram\common\style\utilities\_float.wxss", "CSS", 0, 0, 0, 0, 0, 0, 0, 6, 0, 0, 1, 7
"c:\Users\Administrator\WeChatProjects\miniprogram-2\miniprogram\miniprogram_npm\tdesign-miniprogram\common\style\utilities\_index.wxss", "CSS", 0, 0, 0, 0, 0, 0, 0, 27, 0, 0, 1, 28
"c:\Users\Administrator\WeChatProjects\miniprogram-2\miniprogram\miniprogram_npm\tdesign-miniprogram\common\template\button.wxml", "wxml", 0, 0, 0, 0, 0, 0, 34, 0, 0, 0, 1, 35
"c:\Users\Administrator\WeChatProjects\miniprogram-2\miniprogram\miniprogram_npm\tdesign-miniprogram\common\utils.d.ts", "TypeScript", 0, 0, 17, 0, 0, 0, 0, 0, 0, 2, 1, 20
"c:\Users\Administrator\WeChatProjects\miniprogram-2\miniprogram\miniprogram_npm\tdesign-miniprogram\common\utils.js", "JavaScript", 0, 0, 0, 143, 0, 0, 0, 0, 0, 0, 1, 144
"c:\Users\Administrator\WeChatProjects\miniprogram-2\miniprogram\miniprogram_npm\tdesign-miniprogram\common\utils.wxs", "JavaScript", 0, 0, 0, 28, 0, 0, 0, 0, 0, 4, 8, 40
"c:\Users\Administrator\WeChatProjects\miniprogram-2\miniprogram\miniprogram_npm\tdesign-miniprogram\common\version.d.ts", "TypeScript", 0, 0, 1, 0, 0, 0, 0, 0, 0, 0, 1, 2
"c:\Users\Administrator\WeChatProjects\miniprogram-2\miniprogram\miniprogram_npm\tdesign-miniprogram\common\version.js", "JavaScript", 0, 0, 0, 37, 0, 0, 0, 0, 0, 0, 1, 38
"c:\Users\Administrator\WeChatProjects\miniprogram-2\miniprogram\miniprogram_npm\tdesign-miniprogram\count-down\README.md", "Markdown", 0, 0, 0, 0, 0, 0, 0, 0, 36, 0, 13, 49
"c:\Users\Administrator\WeChatProjects\miniprogram-2\miniprogram\miniprogram_npm\tdesign-miniprogram\count-down\count-down.d.ts", "TypeScript", 0, 0, 25, 0, 0, 0, 0, 0, 0, 0, 1, 26
"c:\Users\Administrator\WeChatProjects\miniprogram-2\miniprogram\miniprogram_npm\tdesign-miniprogram\count-down\count-down.js", "JavaScript", 0, 0, 0, 95, 0, 0, 0, 0, 0, 0, 1, 96
"c:\Users\Administrator\WeChatProjects\miniprogram-2\miniprogram\miniprogram_npm\tdesign-miniprogram\count-down\count-down.json", "JSON", 6, 0, 0, 0, 0, 0, 0, 0, 0, 0, 1, 7
"c:\Users\Administrator\WeChatProjects\miniprogram-2\miniprogram\miniprogram_npm\tdesign-miniprogram\count-down\count-down.wxml", "wxml", 0, 0, 0, 0, 0, 0, 21, 0, 0, 0, 2, 23
"c:\Users\Administrator\WeChatProjects\miniprogram-2\miniprogram\miniprogram_npm\tdesign-miniprogram\count-down\count-down.wxss", "CSS", 0, 0, 0, 0, 0, 0, 0, 122, 0, 0, 1, 123
"c:\Users\Administrator\WeChatProjects\miniprogram-2\miniprogram\miniprogram_npm\tdesign-miniprogram\count-down\props.d.ts", "TypeScript", 0, 0, 3, 0, 0, 0, 0, 0, 0, 0, 1, 4
"c:\Users\Administrator\WeChatProjects\miniprogram-2\miniprogram\miniprogram_npm\tdesign-miniprogram\count-down\props.js", "JavaScript", 0, 0, 0, 35, 0, 0, 0, 0, 0, 0, 1, 36
"c:\Users\Administrator\WeChatProjects\miniprogram-2\miniprogram\miniprogram_npm\tdesign-miniprogram\count-down\type.d.ts", "TypeScript", 0, 0, 42, 0, 0, 0, 0, 0, 0, 0, 1, 43
"c:\Users\Administrator\WeChatProjects\miniprogram-2\miniprogram\miniprogram_npm\tdesign-miniprogram\count-down\type.js", "JavaScript", 0, 0, 0, 1, 0, 0, 0, 0, 0, 0, 1, 2
"c:\Users\Administrator\WeChatProjects\miniprogram-2\miniprogram\miniprogram_npm\tdesign-miniprogram\count-down\utils.d.ts", "TypeScript", 0, 0, 18, 0, 0, 0, 0, 0, 0, 0, 1, 19
"c:\Users\Administrator\WeChatProjects\miniprogram-2\miniprogram\miniprogram_npm\tdesign-miniprogram\count-down\utils.js", "JavaScript", 0, 0, 0, 54, 0, 0, 0, 0, 0, 0, 1, 55
"c:\Users\Administrator\WeChatProjects\miniprogram-2\miniprogram\miniprogram_npm\tdesign-miniprogram\date-time-picker\README.md", "Markdown", 0, 0, 0, 0, 0, 0, 0, 0, 49, 0, 19, 68
"c:\Users\Administrator\WeChatProjects\miniprogram-2\miniprogram\miniprogram_npm\tdesign-miniprogram\date-time-picker\date-time-picker.d.ts", "TypeScript", 0, 0, 107, 0, 0, 0, 0, 0, 0, 0, 1, 108
"c:\Users\Administrator\WeChatProjects\miniprogram-2\miniprogram\miniprogram_npm\tdesign-miniprogram\date-time-picker\date-time-picker.js", "JavaScript", 0, 0, 0, 405, 0, 0, 0, 0, 0, 0, 1, 406
"c:\Users\Administrator\WeChatProjects\miniprogram-2\miniprogram\miniprogram_npm\tdesign-miniprogram\date-time-picker\date-time-picker.json", "JSON", 7, 0, 0, 0, 0, 0, 0, 0, 0, 0, 1, 8
"c:\Users\Administrator\WeChatProjects\miniprogram-2\miniprogram\miniprogram_npm\tdesign-miniprogram\date-time-picker\date-time-picker.wxml", "wxml", 0, 0, 0, 0, 0, 0, 17, 0, 0, 0, 2, 19
"c:\Users\Administrator\WeChatProjects\miniprogram-2\miniprogram\miniprogram_npm\tdesign-miniprogram\date-time-picker\date-time-picker.wxss", "CSS", 0, 0, 0, 0, 0, 0, 0, 0, 0, 0, 1, 1
"c:\Users\Administrator\WeChatProjects\miniprogram-2\miniprogram\miniprogram_npm\tdesign-miniprogram\date-time-picker\locale\en.d.ts", "TypeScript", 0, 0, 12, 0, 0, 0, 0, 0, 0, 0, 1, 13
"c:\Users\Administrator\WeChatProjects\miniprogram-2\miniprogram\miniprogram_npm\tdesign-miniprogram\date-time-picker\locale\en.js", "JavaScript", 0, 0, 0, 11, 0, 0, 0, 0, 0, 0, 1, 12
"c:\Users\Administrator\WeChatProjects\miniprogram-2\miniprogram\miniprogram_npm\tdesign-miniprogram\date-time-picker\locale\zh.d.ts", "TypeScript", 0, 0, 12, 0, 0, 0, 0, 0, 0, 0, 1, 13
"c:\Users\Administrator\WeChatProjects\miniprogram-2\miniprogram\miniprogram_npm\tdesign-miniprogram\date-time-picker\locale\zh.js", "JavaScript", 0, 0, 0, 11, 0, 0, 0, 0, 0, 0, 1, 12
"c:\Users\Administrator\WeChatProjects\miniprogram-2\miniprogram\miniprogram_npm\tdesign-miniprogram\date-time-picker\props.d.ts", "TypeScript", 0, 0, 3, 0, 0, 0, 0, 0, 0, 0, 1, 4
"c:\Users\Administrator\WeChatProjects\miniprogram-2\miniprogram\miniprogram_npm\tdesign-miniprogram\date-time-picker\props.js", "JavaScript", 0, 0, 0, 51, 0, 0, 0, 0, 0, 0, 1, 52
"c:\Users\Administrator\WeChatProjects\miniprogram-2\miniprogram\miniprogram_npm\tdesign-miniprogram\date-time-picker\type.d.ts", "TypeScript", 0, 0, 57, 0, 0, 0, 0, 0, 0, 0, 1, 58
"c:\Users\Administrator\WeChatProjects\miniprogram-2\miniprogram\miniprogram_npm\tdesign-miniprogram\date-time-picker\type.js", "JavaScript", 0, 0, 0, 1, 0, 0, 0, 0, 0, 0, 1, 2
"c:\Users\Administrator\WeChatProjects\miniprogram-2\miniprogram\miniprogram_npm\tdesign-miniprogram\dialog\README.md", "Markdown", 0, 0, 0, 0, 0, 0, 0, 0, 55, 0, 19, 74
"c:\Users\Administrator\WeChatProjects\miniprogram-2\miniprogram\miniprogram_npm\tdesign-miniprogram\dialog\dialog.d.ts", "TypeScript", 0, 0, 23, 0, 0, 0, 0, 0, 0, 0, 1, 24
"c:\Users\Administrator\WeChatProjects\miniprogram-2\miniprogram\miniprogram_npm\tdesign-miniprogram\dialog\dialog.js", "JavaScript", 0, 0, 0, 90, 0, 0, 0, 0, 0, 0, 1, 91
"c:\Users\Administrator\WeChatProjects\miniprogram-2\miniprogram\miniprogram_npm\tdesign-miniprogram\dialog\dialog.json", "JSON", 7, 0, 0, 0, 0, 0, 0, 0, 0, 0, 1, 8
"c:\Users\Administrator\WeChatProjects\miniprogram-2\miniprogram\miniprogram_npm\tdesign-miniprogram\dialog\dialog.wxml", "wxml", 0, 0, 0, 0, 0, 0, 80, 0, 0, 0, 2, 82
"c:\Users\Administrator\WeChatProjects\miniprogram-2\miniprogram\miniprogram_npm\tdesign-miniprogram\dialog\dialog.wxs", "JavaScript", 0, 0, 0, 3, 0, 0, 0, 0, 0, 0, 1, 4
"c:\Users\Administrator\WeChatProjects\miniprogram-2\miniprogram\miniprogram_npm\tdesign-miniprogram\dialog\dialog.wxss", "CSS", 0, 0, 0, 0, 0, 0, 0, 152, 0, 0, 1, 153
"c:\Users\Administrator\WeChatProjects\miniprogram-2\miniprogram\miniprogram_npm\tdesign-miniprogram\dialog\index.d.ts", "TypeScript", 0, 0, 40, 0, 0, 0, 0, 0, 0, 2, 1, 43
"c:\Users\Administrator\WeChatProjects\miniprogram-2\miniprogram\miniprogram_npm\tdesign-miniprogram\dialog\index.js", "JavaScript", 0, 0, 0, 70, 0, 0, 0, 0, 0, 0, 1, 71
"c:\Users\Administrator\WeChatProjects\miniprogram-2\miniprogram\miniprogram_npm\tdesign-miniprogram\dialog\props.d.ts", "TypeScript", 0, 0, 3, 0, 0, 0, 0, 0, 0, 0, 1, 4
"c:\Users\Administrator\WeChatProjects\miniprogram-2\miniprogram\miniprogram_npm\tdesign-miniprogram\dialog\props.js", "JavaScript", 0, 0, 0, 53, 0, 0, 0, 0, 0, 0, 1, 54
"c:\Users\Administrator\WeChatProjects\miniprogram-2\miniprogram\miniprogram_npm\tdesign-miniprogram\dialog\type.d.ts", "TypeScript", 0, 0, 57, 0, 0, 0, 0, 0, 0, 0, 1, 58
"c:\Users\Administrator\WeChatProjects\miniprogram-2\miniprogram\miniprogram_npm\tdesign-miniprogram\dialog\type.js", "JavaScript", 0, 0, 0, 1, 0, 0, 0, 0, 0, 0, 1, 2
"c:\Users\Administrator\WeChatProjects\miniprogram-2\miniprogram\miniprogram_npm\tdesign-miniprogram\divider\README.md", "Markdown", 0, 0, 0, 0, 0, 0, 0, 0, 39, 0, 19, 58
"c:\Users\Administrator\WeChatProjects\miniprogram-2\miniprogram\miniprogram_npm\tdesign-miniprogram\divider\divider.d.ts", "TypeScript", 0, 0, 13, 0, 0, 0, 0, 0, 0, 0, 1, 14
"c:\Users\Administrator\WeChatProjects\miniprogram-2\miniprogram\miniprogram_npm\tdesign-miniprogram\divider\divider.js", "JavaScript", 0, 0, 0, 30, 0, 0, 0, 0, 0, 0, 1, 31
"c:\Users\Administrator\WeChatProjects\miniprogram-2\miniprogram\miniprogram_npm\tdesign-miniprogram\divider\divider.json", "JSON", 3, 0, 0, 0, 0, 0, 0, 0, 0, 0, 1, 4
"c:\Users\Administrator\WeChatProjects\miniprogram-2\miniprogram\miniprogram_npm\tdesign-miniprogram\divider\divider.wxml", "wxml", 0, 0, 0, 0, 0, 0, 11, 0, 0, 0, 1, 12
"c:\Users\Administrator\WeChatProjects\miniprogram-2\miniprogram\miniprogram_npm\tdesign-miniprogram\divider\divider.wxss", "CSS", 0, 0, 0, 0, 0, 0, 0, 100, 0, 0, 1, 101
"c:\Users\Administrator\WeChatProjects\miniprogram-2\miniprogram\miniprogram_npm\tdesign-miniprogram\divider\props.d.ts", "TypeScript", 0, 0, 3, 0, 0, 0, 0, 0, 0, 0, 1, 4
"c:\Users\Administrator\WeChatProjects\miniprogram-2\miniprogram\miniprogram_npm\tdesign-miniprogram\divider\props.js", "JavaScript", 0, 0, 0, 29, 0, 0, 0, 0, 0, 0, 1, 30
"c:\Users\Administrator\WeChatProjects\miniprogram-2\miniprogram\miniprogram_npm\tdesign-miniprogram\divider\type.d.ts", "TypeScript", 0, 0, 37, 0, 0, 0, 0, 0, 0, 0, 1, 38
"c:\Users\Administrator\WeChatProjects\miniprogram-2\miniprogram\miniprogram_npm\tdesign-miniprogram\divider\type.js", "JavaScript", 0, 0, 0, 2, 0, 0, 0, 0, 0, 0, 1, 3
"c:\Users\Administrator\WeChatProjects\miniprogram-2\miniprogram\miniprogram_npm\tdesign-miniprogram\drawer\README.md", "Markdown", 0, 0, 0, 0, 0, 0, 0, 0, 44, 0, 15, 59
"c:\Users\Administrator\WeChatProjects\miniprogram-2\miniprogram\miniprogram_npm\tdesign-miniprogram\drawer\drawer.d.ts", "TypeScript", 0, 0, 14, 0, 0, 0, 0, 0, 0, 0, 1, 15
"c:\Users\Administrator\WeChatProjects\miniprogram-2\miniprogram\miniprogram_npm\tdesign-miniprogram\drawer\drawer.js", "JavaScript", 0, 0, 0, 43, 0, 0, 0, 0, 0, 0, 1, 44
"c:\Users\Administrator\WeChatProjects\miniprogram-2\miniprogram\miniprogram_npm\tdesign-miniprogram\drawer\drawer.json", "JSON", 7, 0, 0, 0, 0, 0, 0, 0, 0, 0, 1, 8
"c:\Users\Administrator\WeChatProjects\miniprogram-2\miniprogram\miniprogram_npm\tdesign-miniprogram\drawer\drawer.wxml", "wxml", 0, 0, 0, 0, 0, 0, 26, 0, 0, 0, 1, 27
"c:\Users\Administrator\WeChatProjects\miniprogram-2\miniprogram\miniprogram_npm\tdesign-miniprogram\drawer\drawer.wxss", "CSS", 0, 0, 0, 0, 0, 0, 0, 55, 0, 0, 1, 56
"c:\Users\Administrator\WeChatProjects\miniprogram-2\miniprogram\miniprogram_npm\tdesign-miniprogram\drawer\props.d.ts", "TypeScript", 0, 0, 3, 0, 0, 0, 0, 0, 0, 0, 1, 4
"c:\Users\Administrator\WeChatProjects\miniprogram-2\miniprogram\miniprogram_npm\tdesign-miniprogram\drawer\props.js", "JavaScript", 0, 0, 0, 30, 0, 0, 0, 0, 0, 0, 1, 31
"c:\Users\Administrator\WeChatProjects\miniprogram-2\miniprogram\miniprogram_npm\tdesign-miniprogram\drawer\type.d.ts", "TypeScript", 0, 0, 34, 0, 0, 0, 0, 0, 0, 0, 1, 35
"c:\Users\Administrator\WeChatProjects\miniprogram-2\miniprogram\miniprogram_npm\tdesign-miniprogram\drawer\type.js", "JavaScript", 0, 0, 0, 1, 0, 0, 0, 0, 0, 0, 1, 2
"c:\Users\Administrator\WeChatProjects\miniprogram-2\miniprogram\miniprogram_npm\tdesign-miniprogram\dropdown-menu\README.md", "Markdown", 0, 0, 0, 0, 0, 0, 0, 0, 54, 0, 19, 73
"c:\Users\Administrator\WeChatProjects\miniprogram-2\miniprogram\miniprogram_npm\tdesign-miniprogram\dropdown-menu\dropdown-item-props.d.ts", "TypeScript", 0, 0, 3, 0, 0, 0, 0, 0, 0, 0, 1, 4
"c:\Users\Administrator\WeChatProjects\miniprogram-2\miniprogram\miniprogram_npm\tdesign-miniprogram\dropdown-menu\dropdown-item-props.js", "JavaScript", 0, 0, 0, 41, 0, 0, 0, 0, 0, 0, 1, 42
"c:\Users\Administrator\WeChatProjects\miniprogram-2\miniprogram\miniprogram_npm\tdesign-miniprogram\dropdown-menu\dropdown-item.d.ts", "TypeScript", 0, 0, 91, 0, 0, 0, 0, 0, 0, 0, 1, 92
"c:\Users\Administrator\WeChatProjects\miniprogram-2\miniprogram\miniprogram_npm\tdesign-miniprogram\dropdown-menu\dropdown-item.js", "JavaScript", 0, 0, 0, 203, 0, 0, 0, 0, 0, 0, 1, 204
"c:\Users\Administrator\WeChatProjects\miniprogram-2\miniprogram\miniprogram_npm\tdesign-miniprogram\dropdown-menu\dropdown-item.json", "JSON", 14, 0, 0, 0, 0, 0, 0, 0, 0, 0, 1, 15
"c:\Users\Administrator\WeChatProjects\miniprogram-2\miniprogram\miniprogram_npm\tdesign-miniprogram\dropdown-menu\dropdown-item.wxml", "wxml", 0, 0, 0, 0, 0, 0, 143, 0, 0, 2, 4, 149
"c:\Users\Administrator\WeChatProjects\miniprogram-2\miniprogram\miniprogram_npm\tdesign-miniprogram\dropdown-menu\dropdown-item.wxss", "CSS", 0, 0, 0, 0, 0, 0, 0, 303, 0, 4, 1, 308
"c:\Users\Administrator\WeChatProjects\miniprogram-2\miniprogram\miniprogram_npm\tdesign-miniprogram\dropdown-menu\dropdown-menu.d.ts", "TypeScript", 0, 0, 24, 0, 0, 0, 0, 0, 0, 0, 1, 25
"c:\Users\Administrator\WeChatProjects\miniprogram-2\miniprogram\miniprogram_npm\tdesign-miniprogram\dropdown-menu\dropdown-menu.js", "JavaScript", 0, 0, 0, 88, 0, 0, 0, 0, 0, 0, 1, 89
"c:\Users\Administrator\WeChatProjects\miniprogram-2\miniprogram\miniprogram_npm\tdesign-miniprogram\dropdown-menu\dropdown-menu.json", "JSON", 6, 0, 0, 0, 0, 0, 0, 0, 0, 0, 1, 7
"c:\Users\Administrator\WeChatProjects\miniprogram-2\miniprogram\miniprogram_npm\tdesign-miniprogram\dropdown-menu\dropdown-menu.wxml", "wxml", 0, 0, 0, 0, 0, 0, 19, 0, 0, 0, 1, 20
"c:\Users\Administrator\WeChatProjects\miniprogram-2\miniprogram\miniprogram_npm\tdesign-miniprogram\dropdown-menu\dropdown-menu.wxss", "CSS", 0, 0, 0, 0, 0, 0, 0, 73, 0, 1, 1, 75
"c:\Users\Administrator\WeChatProjects\miniprogram-2\miniprogram\miniprogram_npm\tdesign-miniprogram\dropdown-menu\index.d.ts", "TypeScript", 0, 0, 5, 0, 0, 0, 0, 0, 0, 0, 1, 6
"c:\Users\Administrator\WeChatProjects\miniprogram-2\miniprogram\miniprogram_npm\tdesign-miniprogram\dropdown-menu\index.js", "JavaScript", 0, 0, 0, 5, 0, 0, 0, 0, 0, 0, 1, 6
"c:\Users\Administrator\WeChatProjects\miniprogram-2\miniprogram\miniprogram_npm\tdesign-miniprogram\dropdown-menu\props.d.ts", "TypeScript", 0, 0, 3, 0, 0, 0, 0, 0, 0, 0, 1, 4
"c:\Users\Administrator\WeChatProjects\miniprogram-2\miniprogram\miniprogram_npm\tdesign-miniprogram\dropdown-menu\props.js", "JavaScript", 0, 0, 0, 24, 0, 0, 0, 0, 0, 0, 1, 25
"c:\Users\Administrator\WeChatProjects\miniprogram-2\miniprogram\miniprogram_npm\tdesign-miniprogram\dropdown-menu\type.d.ts", "TypeScript", 0, 0, 72, 0, 0, 0, 0, 0, 0, 0, 1, 73
"c:\Users\Administrator\WeChatProjects\miniprogram-2\miniprogram\miniprogram_npm\tdesign-miniprogram\dropdown-menu\type.js", "JavaScript", 0, 0, 0, 1, 0, 0, 0, 0, 0, 0, 1, 2
"c:\Users\Administrator\WeChatProjects\miniprogram-2\miniprogram\miniprogram_npm\tdesign-miniprogram\dropdown-menu\util.wxs", "JavaScript", 0, 0, 0, 5, 0, 0, 0, 0, 0, 0, 1, 6
"c:\Users\Administrator\WeChatProjects\miniprogram-2\miniprogram\miniprogram_npm\tdesign-miniprogram\empty\README.md", "Markdown", 0, 0, 0, 0, 0, 0, 0, 0, 32, 0, 16, 48
"c:\Users\Administrator\WeChatProjects\miniprogram-2\miniprogram\miniprogram_npm\tdesign-miniprogram\empty\empty.d.ts", "TypeScript", 0, 0, 11, 0, 0, 0, 0, 0, 0, 0, 1, 12
"c:\Users\Administrator\WeChatProjects\miniprogram-2\miniprogram\miniprogram_npm\tdesign-miniprogram\empty\empty.js", "JavaScript", 0, 0, 0, 28, 0, 0, 0, 0, 0, 0, 1, 29
"c:\Users\Administrator\WeChatProjects\miniprogram-2\miniprogram\miniprogram_npm\tdesign-miniprogram\empty\empty.json", "JSON", 6, 0, 0, 0, 0, 0, 0, 0, 0, 0, 1, 7
"c:\Users\Administrator\WeChatProjects\miniprogram-2\miniprogram\miniprogram_npm\tdesign-miniprogram\empty\empty.wxml", "wxml", 0, 0, 0, 0, 0, 0, 20, 0, 0, 0, 2, 22
"c:\Users\Administrator\WeChatProjects\miniprogram-2\miniprogram\miniprogram_npm\tdesign-miniprogram\empty\empty.wxs", "JavaScript", 0, 0, 0, 10, 0, 0, 0, 0, 0, 0, 3, 13
"c:\Users\Administrator\WeChatProjects\miniprogram-2\miniprogram\miniprogram_npm\tdesign-miniprogram\empty\empty.wxss", "CSS", 0, 0, 0, 0, 0, 0, 0, 48, 0, 0, 1, 49
"c:\Users\Administrator\WeChatProjects\miniprogram-2\miniprogram\miniprogram_npm\tdesign-miniprogram\empty\props.d.ts", "TypeScript", 0, 0, 3, 0, 0, 0, 0, 0, 0, 0, 1, 4
"c:\Users\Administrator\WeChatProjects\miniprogram-2\miniprogram\miniprogram_npm\tdesign-miniprogram\empty\props.js", "JavaScript", 0, 0, 0, 16, 0, 0, 0, 0, 0, 0, 1, 17
"c:\Users\Administrator\WeChatProjects\miniprogram-2\miniprogram\miniprogram_npm\tdesign-miniprogram\empty\type.d.ts", "TypeScript", 0, 0, 22, 0, 0, 0, 0, 0, 0, 0, 1, 23
"c:\Users\Administrator\WeChatProjects\miniprogram-2\miniprogram\miniprogram_npm\tdesign-miniprogram\empty\type.js", "JavaScript", 0, 0, 0, 2, 0, 0, 0, 0, 0, 0, 1, 3
"c:\Users\Administrator\WeChatProjects\miniprogram-2\miniprogram\miniprogram_npm\tdesign-miniprogram\fab\README.md", "Markdown", 0, 0, 0, 0, 0, 0, 0, 0, 31, 0, 14, 45
"c:\Users\Administrator\WeChatProjects\miniprogram-2\miniprogram\miniprogram_npm\tdesign-miniprogram\fab\fab.d.ts", "TypeScript", 0, 0, 20, 0, 0, 0, 0, 0, 0, 0, 1, 21
"c:\Users\Administrator\WeChatProjects\miniprogram-2\miniprogram\miniprogram_npm\tdesign-miniprogram\fab\fab.js", "JavaScript", 0, 0, 0, 47, 0, 0, 0, 0, 0, 0, 1, 48
"c:\Users\Administrator\WeChatProjects\miniprogram-2\miniprogram\miniprogram_npm\tdesign-miniprogram\fab\fab.json", "JSON", 6, 0, 0, 0, 0, 0, 0, 0, 0, 0, 1, 7
"c:\Users\Administrator\WeChatProjects\miniprogram-2\miniprogram\miniprogram_npm\tdesign-miniprogram\fab\fab.wxml", "wxml", 0, 0, 0, 0, 0, 0, 7, 0, 0, 0, 2, 9
"c:\Users\Administrator\WeChatProjects\miniprogram-2\miniprogram\miniprogram_npm\tdesign-miniprogram\fab\fab.wxss", "CSS", 0, 0, 0, 0, 0, 0, 0, 51, 0, 0, 1, 52
"c:\Users\Administrator\WeChatProjects\miniprogram-2\miniprogram\miniprogram_npm\tdesign-miniprogram\fab\props.d.ts", "TypeScript", 0, 0, 3, 0, 0, 0, 0, 0, 0, 0, 1, 4
"c:\Users\Administrator\WeChatProjects\miniprogram-2\miniprogram\miniprogram_npm\tdesign-miniprogram\fab\props.js", "JavaScript", 0, 0, 0, 18, 0, 0, 0, 0, 0, 0, 1, 19
"c:\Users\Administrator\WeChatProjects\miniprogram-2\miniprogram\miniprogram_npm\tdesign-miniprogram\fab\type.d.ts", "TypeScript", 0, 0, 18, 0, 0, 0, 0, 0, 0, 0, 1, 19
"c:\Users\Administrator\WeChatProjects\miniprogram-2\miniprogram\miniprogram_npm\tdesign-miniprogram\fab\type.js", "JavaScript", 0, 0, 0, 1, 0, 0, 0, 0, 0, 0, 1, 2
"c:\Users\Administrator\WeChatProjects\miniprogram-2\miniprogram\miniprogram_npm\tdesign-miniprogram\footer\README.md", "Markdown", 0, 0, 0, 0, 0, 0, 0, 0, 28, 0, 14, 42
"c:\Users\Administrator\WeChatProjects\miniprogram-2\miniprogram\miniprogram_npm\tdesign-miniprogram\footer\footer.d.ts", "TypeScript", 0, 0, 7, 0, 0, 0, 0, 0, 0, 0, 1, 8
"c:\Users\Administrator\WeChatProjects\miniprogram-2\miniprogram\miniprogram_npm\tdesign-miniprogram\footer\footer.js", "JavaScript", 0, 0, 0, 24, 0, 0, 0, 0, 0, 0, 1, 25
"c:\Users\Administrator\WeChatProjects\miniprogram-2\miniprogram\miniprogram_npm\tdesign-miniprogram\footer\footer.json", "JSON", 4, 0, 0, 0, 0, 0, 0, 0, 0, 0, 1, 5
"c:\Users\Administrator\WeChatProjects\miniprogram-2\miniprogram\miniprogram_npm\tdesign-miniprogram\footer\footer.wxml", "wxml", 0, 0, 0, 0, 0, 0, 29, 0, 0, 2, 1, 32
"c:\Users\Administrator\WeChatProjects\miniprogram-2\miniprogram\miniprogram_npm\tdesign-miniprogram\footer\footer.wxss", "CSS", 0, 0, 0, 0, 0, 0, 0, 77, 0, 0, 1, 78
"c:\Users\Administrator\WeChatProjects\miniprogram-2\miniprogram\miniprogram_npm\tdesign-miniprogram\footer\props.d.ts", "TypeScript", 0, 0, 3, 0, 0, 0, 0, 0, 0, 0, 1, 4
"c:\Users\Administrator\WeChatProjects\miniprogram-2\miniprogram\miniprogram_npm\tdesign-miniprogram\footer\props.js", "JavaScript", 0, 0, 0, 18, 0, 0, 0, 0, 0, 0, 1, 19
"c:\Users\Administrator\WeChatProjects\miniprogram-2\miniprogram\miniprogram_npm\tdesign-miniprogram\footer\type.d.ts", "TypeScript", 0, 0, 32, 0, 0, 0, 0, 0, 0, 0, 1, 33
"c:\Users\Administrator\WeChatProjects\miniprogram-2\miniprogram\miniprogram_npm\tdesign-miniprogram\footer\type.js", "JavaScript", 0, 0, 0, 4, 0, 0, 0, 0, 0, 0, 1, 5
"c:\Users\Administrator\WeChatProjects\miniprogram-2\miniprogram\miniprogram_npm\tdesign-miniprogram\grid\README.md", "Markdown", 0, 0, 0, 0, 0, 0, 0, 0, 57, 0, 26, 83
"c:\Users\Administrator\WeChatProjects\miniprogram-2\miniprogram\miniprogram_npm\tdesign-miniprogram\grid\grid-item-props.d.ts", "TypeScript", 0, 0, 3, 0, 0, 0, 0, 0, 0, 0, 1, 4
"c:\Users\Administrator\WeChatProjects\miniprogram-2\miniprogram\miniprogram_npm\tdesign-miniprogram\grid\grid-item-props.js", "JavaScript", 0, 0, 0, 27, 0, 0, 0, 0, 0, 0, 1, 28
"c:\Users\Administrator\WeChatProjects\miniprogram-2\miniprogram\miniprogram_npm\tdesign-miniprogram\grid\grid-item.d.ts", "TypeScript", 0, 0, 24, 0, 0, 0, 0, 0, 0, 0, 1, 25
"c:\Users\Administrator\WeChatProjects\miniprogram-2\miniprogram\miniprogram_npm\tdesign-miniprogram\grid\grid-item.js", "JavaScript", 0, 0, 0, 111, 0, 0, 0, 0, 0, 0, 1, 112
"c:\Users\Administrator\WeChatProjects\miniprogram-2\miniprogram\miniprogram_npm\tdesign-miniprogram\grid\grid-item.json", "JSON", 6, 0, 0, 0, 0, 0, 0, 0, 0, 0, 1, 7
"c:\Users\Administrator\WeChatProjects\miniprogram-2\miniprogram\miniprogram_npm\tdesign-miniprogram\grid\grid-item.wxml", "wxml", 0, 0, 0, 0, 0, 0, 34, 0, 0, 0, 1, 35
"c:\Users\Administrator\WeChatProjects\miniprogram-2\miniprogram\miniprogram_npm\tdesign-miniprogram\grid\grid-item.wxss", "CSS", 0, 0, 0, 0, 0, 0, 0, 99, 0, 0, 1, 100
"c:\Users\Administrator\WeChatProjects\miniprogram-2\miniprogram\miniprogram_npm\tdesign-miniprogram\grid\grid.d.ts", "TypeScript", 0, 0, 23, 0, 0, 0, 0, 0, 0, 0, 1, 24
"c:\Users\Administrator\WeChatProjects\miniprogram-2\miniprogram\miniprogram_npm\tdesign-miniprogram\grid\grid.js", "JavaScript", 0, 0, 0, 73, 0, 0, 0, 0, 0, 0, 1, 74
"c:\Users\Administrator\WeChatProjects\miniprogram-2\miniprogram\miniprogram_npm\tdesign-miniprogram\grid\grid.json", "JSON", 4, 0, 0, 0, 0, 0, 0, 0, 0, 0, 1, 5
"c:\Users\Administrator\WeChatProjects\miniprogram-2\miniprogram\miniprogram_npm\tdesign-miniprogram\grid\grid.wxml", "wxml", 0, 0, 0, 0, 0, 0, 5, 0, 0, 0, 1, 6
"c:\Users\Administrator\WeChatProjects\miniprogram-2\miniprogram\miniprogram_npm\tdesign-miniprogram\grid\grid.wxss", "CSS", 0, 0, 0, 0, 0, 0, 0, 38, 0, 0, 1, 39
"c:\Users\Administrator\WeChatProjects\miniprogram-2\miniprogram\miniprogram_npm\tdesign-miniprogram\grid\props.d.ts", "TypeScript", 0, 0, 3, 0, 0, 0, 0, 0, 0, 0, 1, 4
"c:\Users\Administrator\WeChatProjects\miniprogram-2\miniprogram\miniprogram_npm\tdesign-miniprogram\grid\props.js", "JavaScript", 0, 0, 0, 25, 0, 0, 0, 0, 0, 0, 1, 26
"c:\Users\Administrator\WeChatProjects\miniprogram-2\miniprogram\miniprogram_npm\tdesign-miniprogram\grid\type.d.ts", "TypeScript", 0, 0, 73, 0, 0, 0, 0, 0, 0, 0, 1, 74
"c:\Users\Administrator\WeChatProjects\miniprogram-2\miniprogram\miniprogram_npm\tdesign-miniprogram\grid\type.js", "JavaScript", 0, 0, 0, 1, 0, 0, 0, 0, 0, 0, 1, 2
"c:\Users\Administrator\WeChatProjects\miniprogram-2\miniprogram\miniprogram_npm\tdesign-miniprogram\icon\README.md", "Markdown", 0, 0, 0, 0, 0, 0, 0, 0, 61, 0, 29, 90
"c:\Users\Administrator\WeChatProjects\miniprogram-2\miniprogram\miniprogram_npm\tdesign-miniprogram\icon\icon.d.ts", "TypeScript", 0, 0, 19, 0, 0, 0, 0, 0, 0, 0, 1, 20
"c:\Users\Administrator\WeChatProjects\miniprogram-2\miniprogram\miniprogram_npm\tdesign-miniprogram\icon\icon.js", "JavaScript", 0, 0, 0, 51, 0, 0, 0, 0, 0, 0, 1, 52
"c:\Users\Administrator\WeChatProjects\miniprogram-2\miniprogram\miniprogram_npm\tdesign-miniprogram\icon\icon.json", "JSON", 4, 0, 0, 0, 0, 0, 0, 0, 0, 0, 1, 5
"c:\Users\Administrator\WeChatProjects\miniprogram-2\miniprogram\miniprogram_npm\tdesign-miniprogram\icon\icon.wxml", "wxml", 0, 0, 0, 0, 0, 0, 6, 0, 0, 0, 1, 7
"c:\Users\Administrator\WeChatProjects\miniprogram-2\miniprogram\miniprogram_npm\tdesign-miniprogram\icon\icon.wxss", "CSS", 0, 0, 0, 0, 0, 0, 0, 767, 0, 3, 1, 771
"c:\Users\Administrator\WeChatProjects\miniprogram-2\miniprogram\miniprogram_npm\tdesign-miniprogram\icon\props.d.ts", "TypeScript", 0, 0, 3, 0, 0, 0, 0, 0, 0, 0, 1, 4
"c:\Users\Administrator\WeChatProjects\miniprogram-2\miniprogram\miniprogram_npm\tdesign-miniprogram\icon\props.js", "JavaScript", 0, 0, 0, 24, 0, 0, 0, 0, 0, 0, 1, 25
"c:\Users\Administrator\WeChatProjects\miniprogram-2\miniprogram\miniprogram_npm\tdesign-miniprogram\icon\type.d.ts", "TypeScript", 0, 0, 27, 0, 0, 0, 0, 0, 0, 0, 1, 28
"c:\Users\Administrator\WeChatProjects\miniprogram-2\miniprogram\miniprogram_npm\tdesign-miniprogram\icon\type.js", "JavaScript", 0, 0, 0, 1, 0, 0, 0, 0, 0, 0, 1, 2
"c:\Users\Administrator\WeChatProjects\miniprogram-2\miniprogram\miniprogram_npm\tdesign-miniprogram\image-viewer\README.md", "Markdown", 0, 0, 0, 0, 0, 0, 0, 0, 41, 0, 24, 65
"c:\Users\Administrator\WeChatProjects\miniprogram-2\miniprogram\miniprogram_npm\tdesign-miniprogram\image-viewer\image-viewer.d.ts", "TypeScript", 0, 0, 80, 0, 0, 0, 0, 0, 0, 0, 1, 81
"c:\Users\Administrator\WeChatProjects\miniprogram-2\miniprogram\miniprogram_npm\tdesign-miniprogram\image-viewer\image-viewer.js", "JavaScript", 0, 0, 0, 114, 0, 0, 0, 0, 0, 0, 1, 115
"c:\Users\Administrator\WeChatProjects\miniprogram-2\miniprogram\miniprogram_npm\tdesign-miniprogram\image-viewer\image-viewer.json", "JSON", 9, 0, 0, 0, 0, 0, 0, 0, 0, 0, 1, 10
"c:\Users\Administrator\WeChatProjects\miniprogram-2\miniprogram\miniprogram_npm\tdesign-miniprogram\image-viewer\image-viewer.wxml", "wxml", 0, 0, 0, 0, 0, 0, 55, 0, 0, 0, 1, 56
"c:\Users\Administrator\WeChatProjects\miniprogram-2\miniprogram\miniprogram_npm\tdesign-miniprogram\image-viewer\image-viewer.wxss", "CSS", 0, 0, 0, 0, 0, 0, 0, 94, 0, 0, 1, 95
"c:\Users\Administrator\WeChatProjects\miniprogram-2\miniprogram\miniprogram_npm\tdesign-miniprogram\image-viewer\props.d.ts", "TypeScript", 0, 0, 3, 0, 0, 0, 0, 0, 0, 0, 1, 4
"c:\Users\Administrator\WeChatProjects\miniprogram-2\miniprogram\miniprogram_npm\tdesign-miniprogram\image-viewer\props.js", "JavaScript", 0, 0, 0, 36, 0, 0, 0, 0, 0, 0, 1, 37
"c:\Users\Administrator\WeChatProjects\miniprogram-2\miniprogram\miniprogram_npm\tdesign-miniprogram\image-viewer\type.d.ts", "TypeScript", 0, 0, 35, 0, 0, 0, 0, 0, 0, 0, 1, 36
"c:\Users\Administrator\WeChatProjects\miniprogram-2\miniprogram\miniprogram_npm\tdesign-miniprogram\image-viewer\type.js", "JavaScript", 0, 0, 0, 1, 0, 0, 0, 0, 0, 0, 1, 2
"c:\Users\Administrator\WeChatProjects\miniprogram-2\miniprogram\miniprogram_npm\tdesign-miniprogram\image\README.md", "Markdown", 0, 0, 0, 0, 0, 0, 0, 0, 49, 0, 25, 74
"c:\Users\Administrator\WeChatProjects\miniprogram-2\miniprogram\miniprogram_npm\tdesign-miniprogram\image\image-info.json", "JSON", 75, 0, 0, 0, 0, 0, 0, 0, 0, 0, 1, 76
"c:\Users\Administrator\WeChatProjects\miniprogram-2\miniprogram\miniprogram_npm\tdesign-miniprogram\image\image.d.ts", "TypeScript", 0, 0, 27, 0, 0, 0, 0, 0, 0, 0, 1, 28
"c:\Users\Administrator\WeChatProjects\miniprogram-2\miniprogram\miniprogram_npm\tdesign-miniprogram\image\image.js", "JavaScript", 0, 0, 0, 92, 0, 0, 0, 0, 0, 0, 1, 93
"c:\Users\Administrator\WeChatProjects\miniprogram-2\miniprogram\miniprogram_npm\tdesign-miniprogram\image\image.json", "JSON", 7, 0, 0, 0, 0, 0, 0, 0, 0, 0, 1, 8
"c:\Users\Administrator\WeChatProjects\miniprogram-2\miniprogram\miniprogram_npm\tdesign-miniprogram\image\image.wxml", "wxml", 0, 0, 0, 0, 0, 0, 42, 0, 0, 3, 1, 46
"c:\Users\Administrator\WeChatProjects\miniprogram-2\miniprogram\miniprogram_npm\tdesign-miniprogram\image\image.wxss", "CSS", 0, 0, 0, 0, 0, 0, 0, 54, 0, 0, 1, 55
"c:\Users\Administrator\WeChatProjects\miniprogram-2\miniprogram\miniprogram_npm\tdesign-miniprogram\image\index.d.ts", "TypeScript", 0, 0, 4, 0, 0, 0, 0, 0, 0, 0, 1, 5
"c:\Users\Administrator\WeChatProjects\miniprogram-2\miniprogram\miniprogram_npm\tdesign-miniprogram\image\index.js", "JavaScript", 0, 0, 0, 2, 0, 0, 0, 0, 0, 0, 1, 3
"c:\Users\Administrator\WeChatProjects\miniprogram-2\miniprogram\miniprogram_npm\tdesign-miniprogram\image\props.d.ts", "TypeScript", 0, 0, 3, 0, 0, 0, 0, 0, 0, 0, 1, 4
"c:\Users\Administrator\WeChatProjects\miniprogram-2\miniprogram\miniprogram_npm\tdesign-miniprogram\image\props.js", "JavaScript", 0, 0, 0, 38, 0, 0, 0, 0, 0, 0, 1, 39
"c:\Users\Administrator\WeChatProjects\miniprogram-2\miniprogram\miniprogram_npm\tdesign-miniprogram\image\type.d.ts", "TypeScript", 0, 0, 38, 0, 0, 0, 0, 0, 0, 0, 1, 39
"c:\Users\Administrator\WeChatProjects\miniprogram-2\miniprogram\miniprogram_npm\tdesign-miniprogram\image\type.js", "JavaScript", 0, 0, 0, 1, 0, 0, 0, 0, 0, 0, 1, 2
"c:\Users\Administrator\WeChatProjects\miniprogram-2\miniprogram\miniprogram_npm\tdesign-miniprogram\indexes\README.md", "Markdown", 0, 0, 0, 0, 0, 0, 0, 0, 40, 0, 13, 53
"c:\Users\Administrator\WeChatProjects\miniprogram-2\miniprogram\miniprogram_npm\tdesign-miniprogram\indexes\indexes.d.ts", "TypeScript", 0, 0, 37, 0, 0, 0, 0, 0, 0, 0, 1, 38
"c:\Users\Administrator\WeChatProjects\miniprogram-2\miniprogram\miniprogram_npm\tdesign-miniprogram\indexes\indexes.js", "JavaScript", 0, 0, 0, 185, 0, 0, 0, 0, 0, 0, 1, 186
"c:\Users\Administrator\WeChatProjects\miniprogram-2\miniprogram\miniprogram_npm\tdesign-miniprogram\indexes\indexes.json", "JSON", 8, 0, 0, 0, 0, 0, 0, 0, 0, 0, 1, 9
"c:\Users\Administrator\WeChatProjects\miniprogram-2\miniprogram\miniprogram_npm\tdesign-miniprogram\indexes\indexes.wxml", "wxml", 0, 0, 0, 0, 0, 0, 56, 0, 0, 0, 1, 57
"c:\Users\Administrator\WeChatProjects\miniprogram-2\miniprogram\miniprogram_npm\tdesign-miniprogram\indexes\indexes.wxss", "CSS", 0, 0, 0, 0, 0, 0, 0, 113, 0, 1, 1, 115
"c:\Users\Administrator\WeChatProjects\miniprogram-2\miniprogram\miniprogram_npm\tdesign-miniprogram\indexes\props.d.ts", "TypeScript", 0, 0, 3, 0, 0, 0, 0, 0, 0, 0, 1, 4
"c:\Users\Administrator\WeChatProjects\miniprogram-2\miniprogram\miniprogram_npm\tdesign-miniprogram\indexes\props.js", "JavaScript", 0, 0, 0, 11, 0, 0, 0, 0, 0, 0, 1, 12
"c:\Users\Administrator\WeChatProjects\miniprogram-2\miniprogram\miniprogram_npm\tdesign-miniprogram\indexes\type.d.ts", "TypeScript", 0, 0, 20, 0, 0, 0, 0, 0, 0, 0, 1, 21
"c:\Users\Administrator\WeChatProjects\miniprogram-2\miniprogram\miniprogram_npm\tdesign-miniprogram\indexes\type.js", "JavaScript", 0, 0, 0, 3, 0, 0, 0, 0, 0, 0, 1, 4
"c:\Users\Administrator\WeChatProjects\miniprogram-2\miniprogram\miniprogram_npm\tdesign-miniprogram\input\README.md", "Markdown", 0, 0, 0, 0, 0, 0, 0, 0, 104, 0, 26, 130
"c:\Users\Administrator\WeChatProjects\miniprogram-2\miniprogram\miniprogram_npm\tdesign-miniprogram\input\input.d.ts", "TypeScript", 0, 0, 26, 0, 0, 0, 0, 0, 0, 0, 1, 27
"c:\Users\Administrator\WeChatProjects\miniprogram-2\miniprogram\miniprogram_npm\tdesign-miniprogram\input\input.js", "JavaScript", 0, 0, 0, 93, 0, 0, 0, 0, 0, 0, 1, 94
"c:\Users\Administrator\WeChatProjects\miniprogram-2\miniprogram\miniprogram_npm\tdesign-miniprogram\input\input.json", "JSON", 6, 0, 0, 0, 0, 0, 0, 0, 0, 0, 1, 7
"c:\Users\Administrator\WeChatProjects\miniprogram-2\miniprogram\miniprogram_npm\tdesign-miniprogram\input\input.wxml", "wxml", 0, 0, 0, 0, 0, 0, 65, 0, 0, 0, 2, 67
"c:\Users\Administrator\WeChatProjects\miniprogram-2\miniprogram\miniprogram_npm\tdesign-miniprogram\input\input.wxss", "CSS", 0, 0, 0, 0, 0, 0, 0, 179, 0, 0, 1, 180
"c:\Users\Administrator\WeChatProjects\miniprogram-2\miniprogram\miniprogram_npm\tdesign-miniprogram\input\props.d.ts", "TypeScript", 0, 0, 3, 0, 0, 0, 0, 0, 0, 0, 1, 4
"c:\Users\Administrator\WeChatProjects\miniprogram-2\miniprogram\miniprogram_npm\tdesign-miniprogram\input\props.js", "JavaScript", 0, 0, 0, 152, 0, 0, 0, 0, 0, 0, 1, 153
"c:\Users\Administrator\WeChatProjects\miniprogram-2\miniprogram\miniprogram_npm\tdesign-miniprogram\input\type.d.ts", "TypeScript", 0, 0, 166, 0, 0, 0, 0, 0, 0, 0, 1, 167
"c:\Users\Administrator\WeChatProjects\miniprogram-2\miniprogram\miniprogram_npm\tdesign-miniprogram\input\type.js", "JavaScript", 0, 0, 0, 1, 0, 0, 0, 0, 0, 0, 1, 2
"c:\Users\Administrator\WeChatProjects\miniprogram-2\miniprogram\miniprogram_npm\tdesign-miniprogram\loading\README.md", "Markdown", 0, 0, 0, 0, 0, 0, 0, 0, 48, 0, 23, 71
"c:\Users\Administrator\WeChatProjects\miniprogram-2\miniprogram\miniprogram_npm\tdesign-miniprogram\loading\index.d.ts", "TypeScript", 0, 0, 3, 0, 0, 0, 0, 0, 0, 0, 1, 4
"c:\Users\Administrator\WeChatProjects\miniprogram-2\miniprogram\miniprogram_npm\tdesign-miniprogram\loading\index.js", "JavaScript", 0, 0, 0, 3, 0, 0, 0, 0, 0, 0, 1, 4
"c:\Users\Administrator\WeChatProjects\miniprogram-2\miniprogram\miniprogram_npm\tdesign-miniprogram\loading\loading.d.ts", "TypeScript", 0, 0, 77, 0, 0, 0, 0, 0, 0, 0, 1, 78
"c:\Users\Administrator\WeChatProjects\miniprogram-2\miniprogram\miniprogram_npm\tdesign-miniprogram\loading\loading.js", "JavaScript", 0, 0, 0, 61, 0, 0, 0, 0, 0, 0, 1, 62
"c:\Users\Administrator\WeChatProjects\miniprogram-2\miniprogram\miniprogram_npm\tdesign-miniprogram\loading\loading.json", "JSON", 4, 0, 0, 0, 0, 0, 0, 0, 0, 0, 1, 5
"c:\Users\Administrator\WeChatProjects\miniprogram-2\miniprogram\miniprogram_npm\tdesign-miniprogram\loading\loading.wxml", "wxml", 0, 0, 0, 0, 0, 0, 47, 0, 0, 0, 1, 48
"c:\Users\Administrator\WeChatProjects\miniprogram-2\miniprogram\miniprogram_npm\tdesign-miniprogram\loading\loading.wxss", "CSS", 0, 0, 0, 0, 0, 0, 0, 234, 0, 1, 1, 236
"c:\Users\Administrator\WeChatProjects\miniprogram-2\miniprogram\miniprogram_npm\tdesign-miniprogram\loading\props.d.ts", "TypeScript", 0, 0, 3, 0, 0, 0, 0, 0, 0, 0, 1, 4
"c:\Users\Administrator\WeChatProjects\miniprogram-2\miniprogram\miniprogram_npm\tdesign-miniprogram\loading\props.js", "JavaScript", 0, 0, 0, 51, 0, 0, 0, 0, 0, 0, 1, 52
"c:\Users\Administrator\WeChatProjects\miniprogram-2\miniprogram\miniprogram_npm\tdesign-miniprogram\loading\type.d.ts", "TypeScript", 0, 0, 54, 0, 0, 0, 0, 0, 0, 0, 1, 55
"c:\Users\Administrator\WeChatProjects\miniprogram-2\miniprogram\miniprogram_npm\tdesign-miniprogram\loading\type.js", "JavaScript", 0, 0, 0, 1, 0, 0, 0, 0, 0, 0, 1, 2
"c:\Users\Administrator\WeChatProjects\miniprogram-2\miniprogram\miniprogram_npm\tdesign-miniprogram\message\README.md", "Markdown", 0, 0, 0, 0, 0, 0, 0, 0, 48, 0, 21, 69
"c:\Users\Administrator\WeChatProjects\miniprogram-2\miniprogram\miniprogram_npm\tdesign-miniprogram\message\api.md", "Markdown", 0, 0, 0, 0, 0, 0, 0, 0, 71, 1, 29, 101
"c:\Users\Administrator\WeChatProjects\miniprogram-2\miniprogram\miniprogram_npm\tdesign-miniprogram\message\index.d.ts", "TypeScript", 0, 0, 14, 0, 0, 0, 0, 0, 0, 3, 1, 18
"c:\Users\Administrator\WeChatProjects\miniprogram-2\miniprogram\miniprogram_npm\tdesign-miniprogram\message\index.js", "JavaScript", 0, 0, 0, 46, 0, 0, 0, 0, 0, 0, 1, 47
"c:\Users\Administrator\WeChatProjects\miniprogram-2\miniprogram\miniprogram_npm\tdesign-miniprogram\message\message.d.ts", "TypeScript", 0, 0, 37, 0, 0, 0, 0, 0, 0, 1, 1, 39
"c:\Users\Administrator\WeChatProjects\miniprogram-2\miniprogram\miniprogram_npm\tdesign-miniprogram\message\message.interface.d.ts", "TypeScript", 0, 0, 24, 0, 0, 0, 0, 0, 0, 0, 1, 25
"c:\Users\Administrator\WeChatProjects\miniprogram-2\miniprogram\miniprogram_npm\tdesign-miniprogram\message\message.interface.js", "JavaScript", 0, 0, 0, 7, 0, 0, 0, 0, 0, 0, 1, 8
"c:\Users\Administrator\WeChatProjects\miniprogram-2\miniprogram\miniprogram_npm\tdesign-miniprogram\message\message.js", "JavaScript", 0, 0, 0, 180, 0, 0, 0, 0, 0, 0, 1, 181
"c:\Users\Administrator\WeChatProjects\miniprogram-2\miniprogram\miniprogram_npm\tdesign-miniprogram\message\message.json", "JSON", 7, 0, 0, 0, 0, 0, 0, 0, 0, 0, 1, 8
"c:\Users\Administrator\WeChatProjects\miniprogram-2\miniprogram\miniprogram_npm\tdesign-miniprogram\message\message.wxml", "wxml", 0, 0, 0, 0, 0, 0, 47, 0, 0, 0, 5, 52
"c:\Users\Administrator\WeChatProjects\miniprogram-2\miniprogram\miniprogram_npm\tdesign-miniprogram\message\message.wxs", "JavaScript", 0, 0, 0, 14, 0, 0, 0, 0, 0, 0, 3, 17
"c:\Users\Administrator\WeChatProjects\miniprogram-2\miniprogram\miniprogram_npm\tdesign-miniprogram\message\message.wxss", "CSS", 0, 0, 0, 0, 0, 0, 0, 89, 0, 0, 1, 90
"c:\Users\Administrator\WeChatProjects\miniprogram-2\miniprogram\miniprogram_npm\tdesign-miniprogram\message\props.d.ts", "TypeScript", 0, 0, 3, 0, 0, 0, 0, 0, 0, 0, 1, 4
"c:\Users\Administrator\WeChatProjects\miniprogram-2\miniprogram\miniprogram_npm\tdesign-miniprogram\message\props.js", "JavaScript", 0, 0, 0, 49, 0, 0, 0, 0, 0, 0, 1, 50
"c:\Users\Administrator\WeChatProjects\miniprogram-2\miniprogram\miniprogram_npm\tdesign-miniprogram\message\type.d.ts", "TypeScript", 0, 0, 70, 0, 0, 0, 0, 0, 0, 0, 1, 71
"c:\Users\Administrator\WeChatProjects\miniprogram-2\miniprogram\miniprogram_npm\tdesign-miniprogram\message\type.js", "JavaScript", 0, 0, 0, 1, 0, 0, 0, 0, 0, 0, 1, 2
"c:\Users\Administrator\WeChatProjects\miniprogram-2\miniprogram\miniprogram_npm\tdesign-miniprogram\miniprogram_npm\dayjs\index.js", "JavaScript", 0, 0, 0, 1, 0, 0, 0, 0, 0, 0, 0, 1
"c:\Users\Administrator\WeChatProjects\miniprogram-2\miniprogram\miniprogram_npm\tdesign-miniprogram\mixins\page-scroll.d.ts", "TypeScript", 0, 0, 5, 0, 0, 0, 0, 0, 0, 2, 1, 8
"c:\Users\Administrator\WeChatProjects\miniprogram-2\miniprogram\miniprogram_npm\tdesign-miniprogram\mixins\page-scroll.js", "JavaScript", 0, 0, 0, 50, 0, 0, 0, 0, 0, 0, 1, 51
"c:\Users\Administrator\WeChatProjects\miniprogram-2\miniprogram\miniprogram_npm\tdesign-miniprogram\mixins\transition.d.ts", "TypeScript", 0, 0, 1, 0, 0, 0, 0, 0, 0, 0, 1, 2
"c:\Users\Administrator\WeChatProjects\miniprogram-2\miniprogram\miniprogram_npm\tdesign-miniprogram\mixins\transition.js", "JavaScript", 0, 0, 0, 123, 0, 0, 0, 0, 0, 0, 1, 124
"c:\Users\Administrator\WeChatProjects\miniprogram-2\miniprogram\miniprogram_npm\tdesign-miniprogram\navbar\README.md", "Markdown", 0, 0, 0, 0, 0, 0, 0, 0, 51, 0, 24, 75
"c:\Users\Administrator\WeChatProjects\miniprogram-2\miniprogram\miniprogram_npm\tdesign-miniprogram\navbar\navbar.d.ts", "TypeScript", 0, 0, 34, 0, 0, 0, 0, 0, 0, 0, 1, 35
"c:\Users\Administrator\WeChatProjects\miniprogram-2\miniprogram\miniprogram_npm\tdesign-miniprogram\navbar\navbar.js", "JavaScript", 0, 0, 0, 159, 0, 0, 0, 0, 0, 0, 1, 160
"c:\Users\Administrator\WeChatProjects\miniprogram-2\miniprogram\miniprogram_npm\tdesign-miniprogram\navbar\navbar.json", "JSON", 6, 0, 0, 0, 0, 0, 0, 0, 0, 0, 1, 7
"c:\Users\Administrator\WeChatProjects\miniprogram-2\miniprogram\miniprogram_npm\tdesign-miniprogram\navbar\navbar.wxml", "wxml", 0, 0, 0, 0, 0, 0, 54, 0, 0, 2, 1, 57
"c:\Users\Administrator\WeChatProjects\miniprogram-2\miniprogram\miniprogram_npm\tdesign-miniprogram\navbar\navbar.wxss", "CSS", 0, 0, 0, 0, 0, 0, 0, 142, 0, 0, 1, 143
"c:\Users\Administrator\WeChatProjects\miniprogram-2\miniprogram\miniprogram_npm\tdesign-miniprogram\navbar\props.d.ts", "TypeScript", 0, 0, 3, 0, 0, 0, 0, 0, 0, 0, 1, 4
"c:\Users\Administrator\WeChatProjects\miniprogram-2\miniprogram\miniprogram_npm\tdesign-miniprogram\navbar\props.js", "JavaScript", 0, 0, 0, 38, 0, 0, 0, 0, 0, 0, 1, 39
"c:\Users\Administrator\WeChatProjects\miniprogram-2\miniprogram\miniprogram_npm\tdesign-miniprogram\navbar\type.d.ts", "TypeScript", 0, 0, 61, 0, 0, 0, 0, 0, 0, 0, 1, 62
"c:\Users\Administrator\WeChatProjects\miniprogram-2\miniprogram\miniprogram_npm\tdesign-miniprogram\navbar\type.js", "JavaScript", 0, 0, 0, 1, 0, 0, 0, 0, 0, 0, 1, 2
"c:\Users\Administrator\WeChatProjects\miniprogram-2\miniprogram\miniprogram_npm\tdesign-miniprogram\notice-bar\README.md", "Markdown", 0, 0, 0, 0, 0, 0, 0, 0, 46, 0, 23, 69
"c:\Users\Administrator\WeChatProjects\miniprogram-2\miniprogram\miniprogram_npm\tdesign-miniprogram\notice-bar\notice-bar.d.ts", "TypeScript", 0, 0, 31, 0, 0, 0, 0, 0, 0, 0, 1, 32
"c:\Users\Administrator\WeChatProjects\miniprogram-2\miniprogram\miniprogram_npm\tdesign-miniprogram\notice-bar\notice-bar.js", "JavaScript", 0, 0, 0, 174, 0, 0, 0, 0, 0, 0, 1, 175
"c:\Users\Administrator\WeChatProjects\miniprogram-2\miniprogram\miniprogram_npm\tdesign-miniprogram\notice-bar\notice-bar.json", "JSON", 7, 0, 0, 0, 0, 0, 0, 0, 0, 0, 1, 8
"c:\Users\Administrator\WeChatProjects\miniprogram-2\miniprogram\miniprogram_npm\tdesign-miniprogram\notice-bar\notice-bar.wxml", "wxml", 0, 0, 0, 0, 0, 0, 23, 0, 0, 4, 4, 31
"c:\Users\Administrator\WeChatProjects\miniprogram-2\miniprogram\miniprogram_npm\tdesign-miniprogram\notice-bar\notice-bar.wxss", "CSS", 0, 0, 0, 0, 0, 0, 0, 72, 0, 0, 1, 73
"c:\Users\Administrator\WeChatProjects\miniprogram-2\miniprogram\miniprogram_npm\tdesign-miniprogram\notice-bar\props.d.ts", "TypeScript", 0, 0, 3, 0, 0, 0, 0, 0, 0, 0, 1, 4
"c:\Users\Administrator\WeChatProjects\miniprogram-2\miniprogram\miniprogram_npm\tdesign-miniprogram\notice-bar\props.js", "JavaScript", 0, 0, 0, 30, 0, 0, 0, 0, 0, 0, 1, 31
"c:\Users\Administrator\WeChatProjects\miniprogram-2\miniprogram\miniprogram_npm\tdesign-miniprogram\notice-bar\type.d.ts", "TypeScript", 0, 0, 36, 0, 0, 0, 0, 0, 0, 0, 1, 37
"c:\Users\Administrator\WeChatProjects\miniprogram-2\miniprogram\miniprogram_npm\tdesign-miniprogram\notice-bar\type.js", "JavaScript", 0, 0, 0, 1, 0, 0, 0, 0, 0, 0, 1, 2
"c:\Users\Administrator\WeChatProjects\miniprogram-2\miniprogram\miniprogram_npm\tdesign-miniprogram\overlay\README.md", "Markdown", 0, 0, 0, 0, 0, 0, 0, 0, 31, 0, 11, 42
"c:\Users\Administrator\WeChatProjects\miniprogram-2\miniprogram\miniprogram_npm\tdesign-miniprogram\overlay\overlay.d.ts", "TypeScript", 0, 0, 40, 0, 0, 0, 0, 0, 0, 0, 1, 41
"c:\Users\Administrator\WeChatProjects\miniprogram-2\miniprogram\miniprogram_npm\tdesign-miniprogram\overlay\overlay.js", "JavaScript", 0, 0, 0, 69, 0, 0, 0, 0, 0, 0, 1, 70
"c:\Users\Administrator\WeChatProjects\miniprogram-2\miniprogram\miniprogram_npm\tdesign-miniprogram\overlay\overlay.json", "JSON", 3, 0, 0, 0, 0, 0, 0, 0, 0, 0, 1, 4
"c:\Users\Administrator\WeChatProjects\miniprogram-2\miniprogram\miniprogram_npm\tdesign-miniprogram\overlay\overlay.wxml", "wxml", 0, 0, 0, 0, 0, 0, 19, 0, 0, 0, 1, 20
"c:\Users\Administrator\WeChatProjects\miniprogram-2\miniprogram\miniprogram_npm\tdesign-miniprogram\overlay\overlay.wxss", "CSS", 0, 0, 0, 0, 0, 0, 0, 42, 0, 0, 1, 43
"c:\Users\Administrator\WeChatProjects\miniprogram-2\miniprogram\miniprogram_npm\tdesign-miniprogram\picker\README.md", "Markdown", 0, 0, 0, 0, 0, 0, 0, 0, 45, 0, 12, 57
"c:\Users\Administrator\WeChatProjects\miniprogram-2\miniprogram\miniprogram_npm\tdesign-miniprogram\picker\picker-item-props.d.ts", "TypeScript", 0, 0, 3, 0, 0, 0, 0, 0, 0, 0, 1, 4
"c:\Users\Administrator\WeChatProjects\miniprogram-2\miniprogram\miniprogram_npm\tdesign-miniprogram\picker\picker-item-props.js", "JavaScript", 0, 0, 0, 10, 0, 0, 0, 0, 0, 0, 1, 11
"c:\Users\Administrator\WeChatProjects\miniprogram-2\miniprogram\miniprogram_npm\tdesign-miniprogram\picker\picker-item.d.ts", "TypeScript", 0, 0, 24, 0, 0, 0, 0, 0, 0, 0, 1, 25
"c:\Users\Administrator\WeChatProjects\miniprogram-2\miniprogram\miniprogram_npm\tdesign-miniprogram\picker\picker-item.js", "JavaScript", 0, 0, 0, 110, 0, 0, 0, 0, 0, 0, 1, 111
"c:\Users\Administrator\WeChatProjects\miniprogram-2\miniprogram\miniprogram_npm\tdesign-miniprogram\picker\picker-item.json", "JSON", 4, 0, 0, 0, 0, 0, 0, 0, 0, 0, 1, 5
"c:\Users\Administrator\WeChatProjects\miniprogram-2\miniprogram\miniprogram_npm\tdesign-miniprogram\picker\picker-item.wxml", "wxml", 0, 0, 0, 0, 0, 0, 16, 0, 0, 0, 1, 17
"c:\Users\Administrator\WeChatProjects\miniprogram-2\miniprogram\miniprogram_npm\tdesign-miniprogram\picker\picker-item.wxss", "CSS", 0, 0, 0, 0, 0, 0, 0, 47, 0, 0, 1, 48
"c:\Users\Administrator\WeChatProjects\miniprogram-2\miniprogram\miniprogram_npm\tdesign-miniprogram\picker\picker.d.ts", "TypeScript", 0, 0, 30, 0, 0, 0, 0, 0, 0, 0, 1, 31
"c:\Users\Administrator\WeChatProjects\miniprogram-2\miniprogram\miniprogram_npm\tdesign-miniprogram\picker\picker.js", "JavaScript", 0, 0, 0, 108, 0, 0, 0, 0, 0, 0, 1, 109
"c:\Users\Administrator\WeChatProjects\miniprogram-2\miniprogram\miniprogram_npm\tdesign-miniprogram\picker\picker.json", "JSON", 6, 0, 0, 0, 0, 0, 0, 0, 0, 0, 1, 7
"c:\Users\Administrator\WeChatProjects\miniprogram-2\miniprogram\miniprogram_npm\tdesign-miniprogram\picker\picker.wxml", "wxml", 0, 0, 0, 0, 0, 0, 18, 0, 0, 2, 1, 21
"c:\Users\Administrator\WeChatProjects\miniprogram-2\miniprogram\miniprogram_npm\tdesign-miniprogram\picker\picker.wxss", "CSS", 0, 0, 0, 0, 0, 0, 0, 119, 0, 0, 1, 120
"c:\Users\Administrator\WeChatProjects\miniprogram-2\miniprogram\miniprogram_npm\tdesign-miniprogram\picker\props.d.ts", "TypeScript", 0, 0, 3, 0, 0, 0, 0, 0, 0, 0, 1, 4
"c:\Users\Administrator\WeChatProjects\miniprogram-2\miniprogram\miniprogram_npm\tdesign-miniprogram\picker\props.js", "JavaScript", 0, 0, 0, 41, 0, 0, 0, 0, 0, 0, 1, 42
"c:\Users\Administrator\WeChatProjects\miniprogram-2\miniprogram\miniprogram_npm\tdesign-miniprogram\picker\type.d.ts", "TypeScript", 0, 0, 59, 0, 0, 0, 0, 0, 0, 0, 1, 60
"c:\Users\Administrator\WeChatProjects\miniprogram-2\miniprogram\miniprogram_npm\tdesign-miniprogram\picker\type.js", "JavaScript", 0, 0, 0, 1, 0, 0, 0, 0, 0, 0, 1, 2
"c:\Users\Administrator\WeChatProjects\miniprogram-2\miniprogram\miniprogram_npm\tdesign-miniprogram\popup\README.md", "Markdown", 0, 0, 0, 0, 0, 0, 0, 0, 37, 0, 11, 48
"c:\Users\Administrator\WeChatProjects\miniprogram-2\miniprogram\miniprogram_npm\tdesign-miniprogram\popup\popup.d.ts", "TypeScript", 0, 0, 24, 0, 0, 0, 0, 0, 0, 0, 1, 25
"c:\Users\Administrator\WeChatProjects\miniprogram-2\miniprogram\miniprogram_npm\tdesign-miniprogram\popup\popup.js", "JavaScript", 0, 0, 0, 59, 0, 0, 0, 0, 0, 0, 1, 60
"c:\Users\Administrator\WeChatProjects\miniprogram-2\miniprogram\miniprogram_npm\tdesign-miniprogram\popup\popup.json", "JSON", 7, 0, 0, 0, 0, 0, 0, 0, 0, 0, 1, 8
"c:\Users\Administrator\WeChatProjects\miniprogram-2\miniprogram\miniprogram_npm\tdesign-miniprogram\popup\popup.wxml", "wxml", 0, 0, 0, 0, 0, 0, 24, 0, 0, 0, 2, 26
"c:\Users\Administrator\WeChatProjects\miniprogram-2\miniprogram\miniprogram_npm\tdesign-miniprogram\popup\popup.wxss", "CSS", 0, 0, 0, 0, 0, 0, 0, 99, 0, 0, 1, 100
"c:\Users\Administrator\WeChatProjects\miniprogram-2\miniprogram\miniprogram_npm\tdesign-miniprogram\popup\props.d.ts", "TypeScript", 0, 0, 3, 0, 0, 0, 0, 0, 0, 0, 1, 4
"c:\Users\Administrator\WeChatProjects\miniprogram-2\miniprogram\miniprogram_npm\tdesign-miniprogram\popup\props.js", "JavaScript", 0, 0, 0, 47, 0, 0, 0, 0, 0, 0, 1, 48
"c:\Users\Administrator\WeChatProjects\miniprogram-2\miniprogram\miniprogram_npm\tdesign-miniprogram\popup\type.d.ts", "TypeScript", 0, 0, 54, 0, 0, 0, 0, 0, 0, 0, 1, 55
"c:\Users\Administrator\WeChatProjects\miniprogram-2\miniprogram\miniprogram_npm\tdesign-miniprogram\popup\type.js", "JavaScript", 0, 0, 0, 1, 0, 0, 0, 0, 0, 0, 1, 2
"c:\Users\Administrator\WeChatProjects\miniprogram-2\miniprogram\miniprogram_npm\tdesign-miniprogram\progress\README.md", "Markdown", 0, 0, 0, 0, 0, 0, 0, 0, 37, 0, 19, 56
"c:\Users\Administrator\WeChatProjects\miniprogram-2\miniprogram\miniprogram_npm\tdesign-miniprogram\progress\progress.d.ts", "TypeScript", 0, 0, 21, 0, 0, 0, 0, 0, 0, 0, 1, 22
"c:\Users\Administrator\WeChatProjects\miniprogram-2\miniprogram\miniprogram_npm\tdesign-miniprogram\progress\progress.js", "JavaScript", 0, 0, 0, 56, 0, 0, 0, 0, 0, 0, 1, 57
"c:\Users\Administrator\WeChatProjects\miniprogram-2\miniprogram\miniprogram_npm\tdesign-miniprogram\progress\progress.json", "JSON", 4, 0, 0, 0, 0, 0, 0, 0, 0, 0, 1, 5
"c:\Users\Administrator\WeChatProjects\miniprogram-2\miniprogram\miniprogram_npm\tdesign-miniprogram\progress\progress.wxml", "wxml", 0, 0, 0, 0, 0, 0, 15, 0, 0, 0, 1, 16
"c:\Users\Administrator\WeChatProjects\miniprogram-2\miniprogram\miniprogram_npm\tdesign-miniprogram\progress\progress.wxss", "CSS", 0, 0, 0, 0, 0, 0, 0, 96, 0, 0, 1, 97
"c:\Users\Administrator\WeChatProjects\miniprogram-2\miniprogram\miniprogram_npm\tdesign-miniprogram\progress\props.d.ts", "TypeScript", 0, 0, 3, 0, 0, 0, 0, 0, 0, 0, 1, 4
"c:\Users\Administrator\WeChatProjects\miniprogram-2\miniprogram\miniprogram_npm\tdesign-miniprogram\progress\props.js", "JavaScript", 0, 0, 0, 26, 0, 0, 0, 0, 0, 0, 1, 27
"c:\Users\Administrator\WeChatProjects\miniprogram-2\miniprogram\miniprogram_npm\tdesign-miniprogram\progress\type.d.ts", "TypeScript", 0, 0, 29, 0, 0, 0, 0, 0, 0, 0, 1, 30
"c:\Users\Administrator\WeChatProjects\miniprogram-2\miniprogram\miniprogram_npm\tdesign-miniprogram\progress\type.js", "JavaScript", 0, 0, 0, 1, 0, 0, 0, 0, 0, 0, 1, 2
"c:\Users\Administrator\WeChatProjects\miniprogram-2\miniprogram\miniprogram_npm\tdesign-miniprogram\progress\utils.d.ts", "TypeScript", 0, 0, 11, 0, 0, 0, 0, 0, 0, 0, 1, 12
"c:\Users\Administrator\WeChatProjects\miniprogram-2\miniprogram\miniprogram_npm\tdesign-miniprogram\progress\utils.js", "JavaScript", 0, 0, 0, 30, 0, 0, 0, 0, 0, 0, 1, 31
"c:\Users\Administrator\WeChatProjects\miniprogram-2\miniprogram\miniprogram_npm\tdesign-miniprogram\pull-down-refresh\README.md", "Markdown", 0, 0, 0, 0, 0, 0, 0, 0, 42, 0, 18, 60
"c:\Users\Administrator\WeChatProjects\miniprogram-2\miniprogram\miniprogram_npm\tdesign-miniprogram\pull-down-refresh\props.d.ts", "TypeScript", 0, 0, 3, 0, 0, 0, 0, 0, 0, 0, 1, 4
"c:\Users\Administrator\WeChatProjects\miniprogram-2\miniprogram\miniprogram_npm\tdesign-miniprogram\pull-down-refresh\props.js", "JavaScript", 0, 0, 0, 35, 0, 0, 0, 0, 0, 0, 1, 36
"c:\Users\Administrator\WeChatProjects\miniprogram-2\miniprogram\miniprogram_npm\tdesign-miniprogram\pull-down-refresh\pull-down-refresh.d.ts", "TypeScript", 0, 0, 50, 0, 0, 0, 0, 0, 0, 0, 1, 51
"c:\Users\Administrator\WeChatProjects\miniprogram-2\miniprogram\miniprogram_npm\tdesign-miniprogram\pull-down-refresh\pull-down-refresh.js", "JavaScript", 0, 0, 0, 188, 0, 0, 0, 0, 0, 0, 1, 189
"c:\Users\Administrator\WeChatProjects\miniprogram-2\miniprogram\miniprogram_npm\tdesign-miniprogram\pull-down-refresh\pull-down-refresh.json", "JSON", 6, 0, 0, 0, 0, 0, 0, 0, 0, 0, 1, 7
"c:\Users\Administrator\WeChatProjects\miniprogram-2\miniprogram\miniprogram_npm\tdesign-miniprogram\pull-down-refresh\pull-down-refresh.wxml", "wxml", 0, 0, 0, 0, 0, 0, 42, 0, 0, 0, 1, 43
"c:\Users\Administrator\WeChatProjects\miniprogram-2\miniprogram\miniprogram_npm\tdesign-miniprogram\pull-down-refresh\pull-down-refresh.wxss", "CSS", 0, 0, 0, 0, 0, 0, 0, 56, 0, 0, 1, 57
"c:\Users\Administrator\WeChatProjects\miniprogram-2\miniprogram\miniprogram_npm\tdesign-miniprogram\pull-down-refresh\type.d.ts", "TypeScript", 0, 0, 37, 0, 0, 0, 0, 0, 0, 0, 1, 38
"c:\Users\Administrator\WeChatProjects\miniprogram-2\miniprogram\miniprogram_npm\tdesign-miniprogram\pull-down-refresh\type.js", "JavaScript", 0, 0, 0, 1, 0, 0, 0, 0, 0, 0, 1, 2
"c:\Users\Administrator\WeChatProjects\miniprogram-2\miniprogram\miniprogram_npm\tdesign-miniprogram\radio-group\README.md", "Markdown", 0, 0, 0, 0, 0, 0, 0, 0, 41, 1, 19, 61
"c:\Users\Administrator\WeChatProjects\miniprogram-2\miniprogram\miniprogram_npm\tdesign-miniprogram\radio-group\radio-group.d.ts", "TypeScript", 0, 0, 50, 0, 0, 0, 0, 0, 0, 0, 1, 51
"c:\Users\Administrator\WeChatProjects\miniprogram-2\miniprogram\miniprogram_npm\tdesign-miniprogram\radio-group\radio-group.js", "JavaScript", 0, 0, 0, 102, 0, 0, 0, 0, 0, 0, 1, 103
"c:\Users\Administrator\WeChatProjects\miniprogram-2\miniprogram\miniprogram_npm\tdesign-miniprogram\radio-group\radio-group.json", "JSON", 6, 0, 0, 0, 0, 0, 0, 0, 0, 0, 1, 7
"c:\Users\Administrator\WeChatProjects\miniprogram-2\miniprogram\miniprogram_npm\tdesign-miniprogram\radio-group\radio-group.wxml", "wxml", 0, 0, 0, 0, 0, 0, 13, 0, 0, 0, 1, 14
"c:\Users\Administrator\WeChatProjects\miniprogram-2\miniprogram\miniprogram_npm\tdesign-miniprogram\radio-group\radio-group.wxss", "CSS", 0, 0, 0, 0, 0, 0, 0, 0, 0, 0, 1, 1
"c:\Users\Administrator\WeChatProjects\miniprogram-2\miniprogram\miniprogram_npm\tdesign-miniprogram\radio\README.md", "Markdown", 0, 0, 0, 0, 0, 0, 0, 0, 74, 0, 35, 109
"c:\Users\Administrator\WeChatProjects\miniprogram-2\miniprogram\miniprogram_npm\tdesign-miniprogram\radio\props.d.ts", "TypeScript", 0, 0, 3, 0, 0, 0, 0, 0, 0, 0, 1, 4
"c:\Users\Administrator\WeChatProjects\miniprogram-2\miniprogram\miniprogram_npm\tdesign-miniprogram\radio\props.js", "JavaScript", 0, 0, 0, 62, 0, 0, 0, 0, 0, 0, 1, 63
"c:\Users\Administrator\WeChatProjects\miniprogram-2\miniprogram\miniprogram_npm\tdesign-miniprogram\radio\radio-group-props.d.ts", "TypeScript", 0, 0, 3, 0, 0, 0, 0, 0, 0, 0, 1, 4
"c:\Users\Administrator\WeChatProjects\miniprogram-2\miniprogram\miniprogram_npm\tdesign-miniprogram\radio\radio-group-props.js", "JavaScript", 0, 0, 0, 24, 0, 0, 0, 0, 0, 0, 1, 25
"c:\Users\Administrator\WeChatProjects\miniprogram-2\miniprogram\miniprogram_npm\tdesign-miniprogram\radio\radio.d.ts", "TypeScript", 0, 0, 101, 0, 0, 0, 0, 0, 0, 0, 1, 102
"c:\Users\Administrator\WeChatProjects\miniprogram-2\miniprogram\miniprogram_npm\tdesign-miniprogram\radio\radio.js", "JavaScript", 0, 0, 0, 104, 0, 0, 0, 0, 0, 0, 1, 105
"c:\Users\Administrator\WeChatProjects\miniprogram-2\miniprogram\miniprogram_npm\tdesign-miniprogram\radio\radio.json", "JSON", 7, 0, 0, 0, 0, 0, 0, 0, 0, 0, 1, 8
"c:\Users\Administrator\WeChatProjects\miniprogram-2\miniprogram\miniprogram_npm\tdesign-miniprogram\radio\radio.wxml", "wxml", 0, 0, 0, 0, 0, 0, 34, 0, 0, 5, 1, 40
"c:\Users\Administrator\WeChatProjects\miniprogram-2\miniprogram\miniprogram_npm\tdesign-miniprogram\radio\radio.wxss", "CSS", 0, 0, 0, 0, 0, 0, 0, 110, 0, 0, 1, 111
"c:\Users\Administrator\WeChatProjects\miniprogram-2\miniprogram\miniprogram_npm\tdesign-miniprogram\radio\type.d.ts", "TypeScript", 0, 0, 95, 0, 0, 0, 0, 0, 0, 0, 1, 96
"c:\Users\Administrator\WeChatProjects\miniprogram-2\miniprogram\miniprogram_npm\tdesign-miniprogram\radio\type.js", "JavaScript", 0, 0, 0, 1, 0, 0, 0, 0, 0, 0, 1, 2
"c:\Users\Administrator\WeChatProjects\miniprogram-2\miniprogram\miniprogram_npm\tdesign-miniprogram\rate\README.md", "Markdown", 0, 0, 0, 0, 0, 0, 0, 0, 60, 0, 27, 87
"c:\Users\Administrator\WeChatProjects\miniprogram-2\miniprogram\miniprogram_npm\tdesign-miniprogram\rate\props.d.ts", "TypeScript", 0, 0, 3, 0, 0, 0, 0, 0, 0, 0, 1, 4
"c:\Users\Administrator\WeChatProjects\miniprogram-2\miniprogram\miniprogram_npm\tdesign-miniprogram\rate\props.js", "JavaScript", 0, 0, 0, 43, 0, 0, 0, 0, 0, 0, 1, 44
"c:\Users\Administrator\WeChatProjects\miniprogram-2\miniprogram\miniprogram_npm\tdesign-miniprogram\rate\rate.d.ts", "TypeScript", 0, 0, 16, 0, 0, 0, 0, 0, 0, 0, 1, 17
"c:\Users\Administrator\WeChatProjects\miniprogram-2\miniprogram\miniprogram_npm\tdesign-miniprogram\rate\rate.js", "JavaScript", 0, 0, 0, 70, 0, 0, 0, 0, 0, 0, 1, 71
"c:\Users\Administrator\WeChatProjects\miniprogram-2\miniprogram\miniprogram_npm\tdesign-miniprogram\rate\rate.json", "JSON", 6, 0, 0, 0, 0, 0, 0, 0, 0, 0, 1, 7
"c:\Users\Administrator\WeChatProjects\miniprogram-2\miniprogram\miniprogram_npm\tdesign-miniprogram\rate\rate.wxml", "wxml", 0, 0, 0, 0, 0, 0, 22, 0, 0, 0, 1, 23
"c:\Users\Administrator\WeChatProjects\miniprogram-2\miniprogram\miniprogram_npm\tdesign-miniprogram\rate\rate.wxs", "JavaScript", 0, 0, 0, 36, 0, 0, 0, 0, 0, 0, 3, 39
"c:\Users\Administrator\WeChatProjects\miniprogram-2\miniprogram\miniprogram_npm\tdesign-miniprogram\rate\rate.wxss", "CSS", 0, 0, 0, 0, 0, 0, 0, 71, 0, 0, 1, 72
"c:\Users\Administrator\WeChatProjects\miniprogram-2\miniprogram\miniprogram_npm\tdesign-miniprogram\rate\type.d.ts", "TypeScript", 0, 0, 42, 0, 0, 0, 0, 0, 0, 0, 1, 43
"c:\Users\Administrator\WeChatProjects\miniprogram-2\miniprogram\miniprogram_npm\tdesign-miniprogram\rate\type.js", "JavaScript", 0, 0, 0, 1, 0, 0, 0, 0, 0, 0, 1, 2
"c:\Users\Administrator\WeChatProjects\miniprogram-2\miniprogram\miniprogram_npm\tdesign-miniprogram\result\README.md", "Markdown", 0, 0, 0, 0, 0, 0, 0, 0, 29, 0, 12, 41
"c:\Users\Administrator\WeChatProjects\miniprogram-2\miniprogram\miniprogram_npm\tdesign-miniprogram\result\index.d.ts", "TypeScript", 0, 0, 3, 0, 0, 0, 0, 0, 0, 0, 1, 4
"c:\Users\Administrator\WeChatProjects\miniprogram-2\miniprogram\miniprogram_npm\tdesign-miniprogram\result\index.js", "JavaScript", 0, 0, 0, 3, 0, 0, 0, 0, 0, 0, 1, 4
"c:\Users\Administrator\WeChatProjects\miniprogram-2\miniprogram\miniprogram_npm\tdesign-miniprogram\result\props.d.ts", "TypeScript", 0, 0, 3, 0, 0, 0, 0, 0, 0, 0, 1, 4
"c:\Users\Administrator\WeChatProjects\miniprogram-2\miniprogram\miniprogram_npm\tdesign-miniprogram\result\props.js", "JavaScript", 0, 0, 0, 24, 0, 0, 0, 0, 0, 0, 1, 25
"c:\Users\Administrator\WeChatProjects\miniprogram-2\miniprogram\miniprogram_npm\tdesign-miniprogram\result\result.d.ts", "TypeScript", 0, 0, 18, 0, 0, 0, 0, 0, 0, 0, 1, 19
"c:\Users\Administrator\WeChatProjects\miniprogram-2\miniprogram\miniprogram_npm\tdesign-miniprogram\result\result.js", "JavaScript", 0, 0, 0, 58, 0, 0, 0, 0, 0, 0, 1, 59
"c:\Users\Administrator\WeChatProjects\miniprogram-2\miniprogram\miniprogram_npm\tdesign-miniprogram\result\result.json", "JSON", 7, 0, 0, 0, 0, 0, 0, 0, 0, 0, 1, 8
"c:\Users\Administrator\WeChatProjects\miniprogram-2\miniprogram\miniprogram_npm\tdesign-miniprogram\result\result.wxml", "wxml", 0, 0, 0, 0, 0, 0, 15, 0, 0, 0, 2, 17
"c:\Users\Administrator\WeChatProjects\miniprogram-2\miniprogram\miniprogram_npm\tdesign-miniprogram\result\result.wxss", "CSS", 0, 0, 0, 0, 0, 0, 0, 65, 0, 0, 1, 66
"c:\Users\Administrator\WeChatProjects\miniprogram-2\miniprogram\miniprogram_npm\tdesign-miniprogram\result\type.d.ts", "TypeScript", 0, 0, 30, 0, 0, 0, 0, 0, 0, 0, 1, 31
"c:\Users\Administrator\WeChatProjects\miniprogram-2\miniprogram\miniprogram_npm\tdesign-miniprogram\result\type.js", "JavaScript", 0, 0, 0, 1, 0, 0, 0, 0, 0, 0, 1, 2
"c:\Users\Administrator\WeChatProjects\miniprogram-2\miniprogram\miniprogram_npm\tdesign-miniprogram\search\README.md", "Markdown", 0, 0, 0, 0, 0, 0, 0, 0, 55, 0, 16, 71
"c:\Users\Administrator\WeChatProjects\miniprogram-2\miniprogram\miniprogram_npm\tdesign-miniprogram\search\props.d.ts", "TypeScript", 0, 0, 3, 0, 0, 0, 0, 0, 0, 0, 1, 4
"c:\Users\Administrator\WeChatProjects\miniprogram-2\miniprogram\miniprogram_npm\tdesign-miniprogram\search\props.js", "JavaScript", 0, 0, 0, 46, 0, 0, 0, 0, 0, 0, 1, 47
"c:\Users\Administrator\WeChatProjects\miniprogram-2\miniprogram\miniprogram_npm\tdesign-miniprogram\search\search.d.ts", "TypeScript", 0, 0, 24, 0, 0, 0, 0, 0, 0, 0, 1, 25
"c:\Users\Administrator\WeChatProjects\miniprogram-2\miniprogram\miniprogram_npm\tdesign-miniprogram\search\search.js", "JavaScript", 0, 0, 0, 70, 0, 0, 0, 0, 0, 0, 1, 71
"c:\Users\Administrator\WeChatProjects\miniprogram-2\miniprogram\miniprogram_npm\tdesign-miniprogram\search\search.json", "JSON", 6, 0, 0, 0, 0, 0, 0, 0, 0, 0, 1, 7
"c:\Users\Administrator\WeChatProjects\miniprogram-2\miniprogram\miniprogram_npm\tdesign-miniprogram\search\search.wxml", "wxml", 0, 0, 0, 0, 0, 0, 39, 0, 0, 0, 1, 40
"c:\Users\Administrator\WeChatProjects\miniprogram-2\miniprogram\miniprogram_npm\tdesign-miniprogram\search\search.wxss", "CSS", 0, 0, 0, 0, 0, 0, 0, 106, 0, 0, 1, 107
"c:\Users\Administrator\WeChatProjects\miniprogram-2\miniprogram\miniprogram_npm\tdesign-miniprogram\search\type.d.ts", "TypeScript", 0, 0, 46, 0, 0, 0, 0, 0, 0, 0, 1, 47
"c:\Users\Administrator\WeChatProjects\miniprogram-2\miniprogram\miniprogram_npm\tdesign-miniprogram\search\type.js", "JavaScript", 0, 0, 0, 1, 0, 0, 0, 0, 0, 0, 1, 2
"c:\Users\Administrator\WeChatProjects\miniprogram-2\miniprogram\miniprogram_npm\tdesign-miniprogram\skeleton\README.md", "Markdown", 0, 0, 0, 0, 0, 0, 0, 0, 36, 0, 19, 55
"c:\Users\Administrator\WeChatProjects\miniprogram-2\miniprogram\miniprogram_npm\tdesign-miniprogram\skeleton\props.d.ts", "TypeScript", 0, 0, 3, 0, 0, 0, 0, 0, 0, 0, 1, 4
"c:\Users\Administrator\WeChatProjects\miniprogram-2\miniprogram\miniprogram_npm\tdesign-miniprogram\skeleton\props.js", "JavaScript", 0, 0, 0, 19, 0, 0, 0, 0, 0, 0, 1, 20
"c:\Users\Administrator\WeChatProjects\miniprogram-2\miniprogram\miniprogram_npm\tdesign-miniprogram\skeleton\skeleton.d.ts", "TypeScript", 0, 0, 23, 0, 0, 0, 0, 0, 0, 0, 1, 24
"c:\Users\Administrator\WeChatProjects\miniprogram-2\miniprogram\miniprogram_npm\tdesign-miniprogram\skeleton\skeleton.js", "JavaScript", 0, 0, 0, 113, 0, 0, 0, 0, 0, 0, 1, 114
"c:\Users\Administrator\WeChatProjects\miniprogram-2\miniprogram\miniprogram_npm\tdesign-miniprogram\skeleton\skeleton.json", "JSON", 4, 0, 0, 0, 0, 0, 0, 0, 0, 0, 1, 5
"c:\Users\Administrator\WeChatProjects\miniprogram-2\miniprogram\miniprogram_npm\tdesign-miniprogram\skeleton\skeleton.wxml", "wxml", 0, 0, 0, 0, 0, 0, 24, 0, 0, 0, 2, 26
"c:\Users\Administrator\WeChatProjects\miniprogram-2\miniprogram\miniprogram_npm\tdesign-miniprogram\skeleton\skeleton.wxs", "JavaScript", 0, 0, 0, 32, 0, 0, 0, 0, 0, 0, 2, 34
"c:\Users\Administrator\WeChatProjects\miniprogram-2\miniprogram\miniprogram_npm\tdesign-miniprogram\skeleton\skeleton.wxss", "CSS", 0, 0, 0, 0, 0, 0, 0, 104, 0, 0, 1, 105
"c:\Users\Administrator\WeChatProjects\miniprogram-2\miniprogram\miniprogram_npm\tdesign-miniprogram\skeleton\type.d.ts", "TypeScript", 0, 0, 37, 0, 0, 0, 0, 0, 0, 0, 1, 38
"c:\Users\Administrator\WeChatProjects\miniprogram-2\miniprogram\miniprogram_npm\tdesign-miniprogram\skeleton\type.js", "JavaScript", 0, 0, 0, 1, 0, 0, 0, 0, 0, 0, 1, 2
"c:\Users\Administrator\WeChatProjects\miniprogram-2\miniprogram\miniprogram_npm\tdesign-miniprogram\slider\README.en-US.md", "Markdown", 0, 0, 0, 0, 0, 0, 0, 0, 24, 0, 6, 30
"c:\Users\Administrator\WeChatProjects\miniprogram-2\miniprogram\miniprogram_npm\tdesign-miniprogram\slider\README.md", "Markdown", 0, 0, 0, 0, 0, 0, 0, 0, 51, 0, 22, 73
"c:\Users\Administrator\WeChatProjects\miniprogram-2\miniprogram\miniprogram_npm\tdesign-miniprogram\slider\props.d.ts", "TypeScript", 0, 0, 3, 0, 0, 0, 0, 0, 0, 0, 1, 4
"c:\Users\Administrator\WeChatProjects\miniprogram-2\miniprogram\miniprogram_npm\tdesign-miniprogram\slider\props.js", "JavaScript", 0, 0, 0, 54, 0, 0, 0, 0, 0, 0, 1, 55
"c:\Users\Administrator\WeChatProjects\miniprogram-2\miniprogram\miniprogram_npm\tdesign-miniprogram\slider\slider.d.ts", "TypeScript", 0, 0, 55, 0, 0, 0, 0, 0, 0, 1, 1, 57
"c:\Users\Administrator\WeChatProjects\miniprogram-2\miniprogram\miniprogram_npm\tdesign-miniprogram\slider\slider.js", "JavaScript", 0, 0, 0, 298, 0, 0, 0, 0, 0, 0, 1, 299
"c:\Users\Administrator\WeChatProjects\miniprogram-2\miniprogram\miniprogram_npm\tdesign-miniprogram\slider\slider.json", "JSON", 4, 0, 0, 0, 0, 0, 0, 0, 0, 0, 1, 5
"c:\Users\Administrator\WeChatProjects\miniprogram-2\miniprogram\miniprogram_npm\tdesign-miniprogram\slider\slider.wxml", "wxml", 0, 0, 0, 0, 0, 0, 113, 0, 0, 1, 2, 116
"c:\Users\Administrator\WeChatProjects\miniprogram-2\miniprogram\miniprogram_npm\tdesign-miniprogram\slider\slider.wxs", "JavaScript", 0, 0, 0, 8, 0, 0, 0, 0, 0, 0, 3, 11
"c:\Users\Administrator\WeChatProjects\miniprogram-2\miniprogram\miniprogram_npm\tdesign-miniprogram\slider\slider.wxss", "CSS", 0, 0, 0, 0, 0, 0, 0, 163, 0, 0, 1, 164
"c:\Users\Administrator\WeChatProjects\miniprogram-2\miniprogram\miniprogram_npm\tdesign-miniprogram\slider\tool.d.ts", "TypeScript", 0, 0, 2, 0, 0, 0, 0, 0, 0, 0, 1, 3
"c:\Users\Administrator\WeChatProjects\miniprogram-2\miniprogram\miniprogram_npm\tdesign-miniprogram\slider\tool.js", "JavaScript", 0, 0, 0, 26, 0, 0, 0, 0, 0, 0, 1, 27
"c:\Users\Administrator\WeChatProjects\miniprogram-2\miniprogram\miniprogram_npm\tdesign-miniprogram\slider\type.d.ts", "TypeScript", 0, 0, 55, 0, 0, 0, 0, 0, 0, 0, 1, 56
"c:\Users\Administrator\WeChatProjects\miniprogram-2\miniprogram\miniprogram_npm\tdesign-miniprogram\slider\type.js", "JavaScript", 0, 0, 0, 1, 0, 0, 0, 0, 0, 0, 1, 2
"c:\Users\Administrator\WeChatProjects\miniprogram-2\miniprogram\miniprogram_npm\tdesign-miniprogram\stepper\README.md", "Markdown", 0, 0, 0, 0, 0, 0, 0, 0, 49, 0, 24, 73
"c:\Users\Administrator\WeChatProjects\miniprogram-2\miniprogram\miniprogram_npm\tdesign-miniprogram\stepper\props.d.ts", "TypeScript", 0, 0, 3, 0, 0, 0, 0, 0, 0, 0, 1, 4
"c:\Users\Administrator\WeChatProjects\miniprogram-2\miniprogram\miniprogram_npm\tdesign-miniprogram\stepper\props.js", "JavaScript", 0, 0, 0, 43, 0, 0, 0, 0, 0, 0, 1, 44
"c:\Users\Administrator\WeChatProjects\miniprogram-2\miniprogram\miniprogram_npm\tdesign-miniprogram\stepper\stepper.d.ts", "TypeScript", 0, 0, 30, 0, 0, 0, 0, 0, 0, 0, 1, 31
"c:\Users\Administrator\WeChatProjects\miniprogram-2\miniprogram\miniprogram_npm\tdesign-miniprogram\stepper\stepper.js", "JavaScript", 0, 0, 0, 104, 0, 0, 0, 0, 0, 0, 1, 105
"c:\Users\Administrator\WeChatProjects\miniprogram-2\miniprogram\miniprogram_npm\tdesign-miniprogram\stepper\stepper.json", "JSON", 7, 0, 0, 0, 0, 0, 0, 0, 0, 0, 1, 8
"c:\Users\Administrator\WeChatProjects\miniprogram-2\miniprogram\miniprogram_npm\tdesign-miniprogram\stepper\stepper.wxml", "wxml", 0, 0, 0, 0, 0, 0, 36, 0, 0, 0, 1, 37
"c:\Users\Administrator\WeChatProjects\miniprogram-2\miniprogram\miniprogram_npm\tdesign-miniprogram\stepper\stepper.wxss", "CSS", 0, 0, 0, 0, 0, 0, 0, 74, 0, 0, 1, 75
"c:\Users\Administrator\WeChatProjects\miniprogram-2\miniprogram\miniprogram_npm\tdesign-miniprogram\stepper\type.d.ts", "TypeScript", 0, 0, 44, 0, 0, 0, 0, 0, 0, 0, 1, 45
"c:\Users\Administrator\WeChatProjects\miniprogram-2\miniprogram\miniprogram_npm\tdesign-miniprogram\stepper\type.js", "JavaScript", 0, 0, 0, 1, 0, 0, 0, 0, 0, 0, 1, 2
"c:\Users\Administrator\WeChatProjects\miniprogram-2\miniprogram\miniprogram_npm\tdesign-miniprogram\steps\README.md", "Markdown", 0, 0, 0, 0, 0, 0, 0, 0, 53, 0, 27, 80
"c:\Users\Administrator\WeChatProjects\miniprogram-2\miniprogram\miniprogram_npm\tdesign-miniprogram\steps\props.d.ts", "TypeScript", 0, 0, 3, 0, 0, 0, 0, 0, 0, 0, 1, 4
"c:\Users\Administrator\WeChatProjects\miniprogram-2\miniprogram\miniprogram_npm\tdesign-miniprogram\steps\props.js", "JavaScript", 0, 0, 0, 32, 0, 0, 0, 0, 0, 0, 1, 33
"c:\Users\Administrator\WeChatProjects\miniprogram-2\miniprogram\miniprogram_npm\tdesign-miniprogram\steps\step-item-props.d.ts", "TypeScript", 0, 0, 3, 0, 0, 0, 0, 0, 0, 0, 1, 4
"c:\Users\Administrator\WeChatProjects\miniprogram-2\miniprogram\miniprogram_npm\tdesign-miniprogram\steps\step-item-props.js", "JavaScript", 0, 0, 0, 25, 0, 0, 0, 0, 0, 0, 1, 26
"c:\Users\Administrator\WeChatProjects\miniprogram-2\miniprogram\miniprogram_npm\tdesign-miniprogram\steps\step-item.d.ts", "TypeScript", 0, 0, 36, 0, 0, 0, 0, 0, 0, 0, 1, 37
"c:\Users\Administrator\WeChatProjects\miniprogram-2\miniprogram\miniprogram_npm\tdesign-miniprogram\steps\step-item.js", "JavaScript", 0, 0, 0, 152, 0, 0, 0, 0, 0, 0, 1, 153
"c:\Users\Administrator\WeChatProjects\miniprogram-2\miniprogram\miniprogram_npm\tdesign-miniprogram\steps\step-item.json", "JSON", 6, 0, 0, 0, 0, 0, 0, 0, 0, 0, 1, 7
"c:\Users\Administrator\WeChatProjects\miniprogram-2\miniprogram\miniprogram_npm\tdesign-miniprogram\steps\step-item.wxml", "wxml", 0, 0, 0, 0, 0, 0, 50, 0, 0, 4, 2, 56
"c:\Users\Administrator\WeChatProjects\miniprogram-2\miniprogram\miniprogram_npm\tdesign-miniprogram\steps\step-item.wxss", "CSS", 0, 0, 0, 0, 0, 0, 0, 309, 0, 0, 1, 310
"c:\Users\Administrator\WeChatProjects\miniprogram-2\miniprogram\miniprogram_npm\tdesign-miniprogram\steps\steps.d.ts", "TypeScript", 0, 0, 21, 0, 0, 0, 0, 0, 0, 0, 1, 22
"c:\Users\Administrator\WeChatProjects\miniprogram-2\miniprogram\miniprogram_npm\tdesign-miniprogram\steps\steps.js", "JavaScript", 0, 0, 0, 78, 0, 0, 0, 0, 0, 0, 1, 79
"c:\Users\Administrator\WeChatProjects\miniprogram-2\miniprogram\miniprogram_npm\tdesign-miniprogram\steps\steps.json", "JSON", 6, 0, 0, 0, 0, 0, 0, 0, 0, 0, 1, 7
"c:\Users\Administrator\WeChatProjects\miniprogram-2\miniprogram\miniprogram_npm\tdesign-miniprogram\steps\steps.wxml", "wxml", 0, 0, 0, 0, 0, 0, 5, 0, 0, 0, 1, 6
"c:\Users\Administrator\WeChatProjects\miniprogram-2\miniprogram\miniprogram_npm\tdesign-miniprogram\steps\steps.wxss", "CSS", 0, 0, 0, 0, 0, 0, 0, 40, 0, 0, 1, 41
"c:\Users\Administrator\WeChatProjects\miniprogram-2\miniprogram\miniprogram_npm\tdesign-miniprogram\steps\type.d.ts", "TypeScript", 0, 0, 63, 0, 0, 0, 0, 0, 0, 0, 1, 64
"c:\Users\Administrator\WeChatProjects\miniprogram-2\miniprogram\miniprogram_npm\tdesign-miniprogram\steps\type.js", "JavaScript", 0, 0, 0, 1, 0, 0, 0, 0, 0, 0, 1, 2
"c:\Users\Administrator\WeChatProjects\miniprogram-2\miniprogram\miniprogram_npm\tdesign-miniprogram\sticky\README.md", "Markdown", 0, 0, 0, 0, 0, 0, 0, 0, 36, 0, 21, 57
"c:\Users\Administrator\WeChatProjects\miniprogram-2\miniprogram\miniprogram_npm\tdesign-miniprogram\sticky\index.d.ts", "TypeScript", 0, 0, 3, 0, 0, 0, 0, 0, 0, 0, 1, 4
"c:\Users\Administrator\WeChatProjects\miniprogram-2\miniprogram\miniprogram_npm\tdesign-miniprogram\sticky\index.js", "JavaScript", 0, 0, 0, 3, 0, 0, 0, 0, 0, 0, 1, 4
"c:\Users\Administrator\WeChatProjects\miniprogram-2\miniprogram\miniprogram_npm\tdesign-miniprogram\sticky\props.d.ts", "TypeScript", 0, 0, 3, 0, 0, 0, 0, 0, 0, 0, 1, 4
"c:\Users\Administrator\WeChatProjects\miniprogram-2\miniprogram\miniprogram_npm\tdesign-miniprogram\sticky\props.js", "JavaScript", 0, 0, 0, 21, 0, 0, 0, 0, 0, 0, 1, 22
"c:\Users\Administrator\WeChatProjects\miniprogram-2\miniprogram\miniprogram_npm\tdesign-miniprogram\sticky\sticky.d.ts", "TypeScript", 0, 0, 30, 0, 0, 0, 0, 0, 0, 0, 1, 31
"c:\Users\Administrator\WeChatProjects\miniprogram-2\miniprogram\miniprogram_npm\tdesign-miniprogram\sticky\sticky.js", "JavaScript", 0, 0, 0, 118, 0, 0, 0, 0, 0, 0, 1, 119
"c:\Users\Administrator\WeChatProjects\miniprogram-2\miniprogram\miniprogram_npm\tdesign-miniprogram\sticky\sticky.json", "JSON", 4, 0, 0, 0, 0, 0, 0, 0, 0, 0, 1, 5
"c:\Users\Administrator\WeChatProjects\miniprogram-2\miniprogram\miniprogram_npm\tdesign-miniprogram\sticky\sticky.wxml", "wxml", 0, 0, 0, 0, 0, 0, 5, 0, 0, 0, 1, 6
"c:\Users\Administrator\WeChatProjects\miniprogram-2\miniprogram\miniprogram_npm\tdesign-miniprogram\sticky\sticky.wxss", "CSS", 0, 0, 0, 0, 0, 0, 0, 33, 0, 0, 1, 34
"c:\Users\Administrator\WeChatProjects\miniprogram-2\miniprogram\miniprogram_npm\tdesign-miniprogram\sticky\type.d.ts", "TypeScript", 0, 0, 27, 0, 0, 0, 0, 0, 0, 0, 1, 28
"c:\Users\Administrator\WeChatProjects\miniprogram-2\miniprogram\miniprogram_npm\tdesign-miniprogram\sticky\type.js", "JavaScript", 0, 0, 0, 2, 0, 0, 0, 0, 0, 0, 1, 3
"c:\Users\Administrator\WeChatProjects\miniprogram-2\miniprogram\miniprogram_npm\tdesign-miniprogram\swipe-cell\README.md", "Markdown", 0, 0, 0, 0, 0, 0, 0, 0, 32, 0, 15, 47
"c:\Users\Administrator\WeChatProjects\miniprogram-2\miniprogram\miniprogram_npm\tdesign-miniprogram\swipe-cell\props.d.ts", "TypeScript", 0, 0, 3, 0, 0, 0, 0, 0, 0, 0, 1, 4
"c:\Users\Administrator\WeChatProjects\miniprogram-2\miniprogram\miniprogram_npm\tdesign-miniprogram\swipe-cell\props.js", "JavaScript", 0, 0, 0, 17, 0, 0, 0, 0, 0, 0, 1, 18
"c:\Users\Administrator\WeChatProjects\miniprogram-2\miniprogram\miniprogram_npm\tdesign-miniprogram\swipe-cell\swipe-cell.d.ts", "TypeScript", 0, 0, 23, 0, 0, 0, 0, 0, 0, 0, 1, 24
"c:\Users\Administrator\WeChatProjects\miniprogram-2\miniprogram\miniprogram_npm\tdesign-miniprogram\swipe-cell\swipe-cell.js", "JavaScript", 0, 0, 0, 77, 0, 0, 0, 0, 0, 0, 1, 78
"c:\Users\Administrator\WeChatProjects\miniprogram-2\miniprogram\miniprogram_npm\tdesign-miniprogram\swipe-cell\swipe-cell.json", "JSON", 3, 0, 0, 0, 0, 0, 0, 0, 0, 0, 1, 4
"c:\Users\Administrator\WeChatProjects\miniprogram-2\miniprogram\miniprogram_npm\tdesign-miniprogram\swipe-cell\swipe-cell.wxml", "wxml", 0, 0, 0, 0, 0, 0, 46, 0, 0, 0, 1, 47
"c:\Users\Administrator\WeChatProjects\miniprogram-2\miniprogram\miniprogram_npm\tdesign-miniprogram\swipe-cell\swipe-cell.wxs", "JavaScript", 0, 0, 0, 153, 0, 0, 0, 0, 0, 4, 20, 177
"c:\Users\Administrator\WeChatProjects\miniprogram-2\miniprogram\miniprogram_npm\tdesign-miniprogram\swipe-cell\swipe-cell.wxss", "CSS", 0, 0, 0, 0, 0, 0, 0, 45, 0, 0, 1, 46
"c:\Users\Administrator\WeChatProjects\miniprogram-2\miniprogram\miniprogram_npm\tdesign-miniprogram\swipe-cell\type.d.ts", "TypeScript", 0, 0, 30, 0, 0, 0, 0, 0, 0, 0, 1, 31
"c:\Users\Administrator\WeChatProjects\miniprogram-2\miniprogram\miniprogram_npm\tdesign-miniprogram\swipe-cell\type.js", "JavaScript", 0, 0, 0, 3, 0, 0, 0, 0, 0, 0, 1, 4
"c:\Users\Administrator\WeChatProjects\miniprogram-2\miniprogram\miniprogram_npm\tdesign-miniprogram\swiper\README.md", "Markdown", 0, 0, 0, 0, 0, 0, 0, 0, 65, 0, 28, 93
"c:\Users\Administrator\WeChatProjects\miniprogram-2\miniprogram\miniprogram_npm\tdesign-miniprogram\swiper\common\constants.d.ts", "TypeScript", 0, 0, 11, 0, 0, 0, 0, 0, 0, 0, 1, 12
"c:\Users\Administrator\WeChatProjects\miniprogram-2\miniprogram\miniprogram_npm\tdesign-miniprogram\swiper\common\constants.js", "JavaScript", 0, 0, 0, 5, 0, 0, 0, 0, 0, 0, 1, 6
"c:\Users\Administrator\WeChatProjects\miniprogram-2\miniprogram\miniprogram_npm\tdesign-miniprogram\swiper\props.d.ts", "TypeScript", 0, 0, 3, 0, 0, 0, 0, 0, 0, 0, 1, 4
"c:\Users\Administrator\WeChatProjects\miniprogram-2\miniprogram\miniprogram_npm\tdesign-miniprogram\swiper\props.js", "JavaScript", 0, 0, 0, 45, 0, 0, 0, 0, 0, 0, 1, 46
"c:\Users\Administrator\WeChatProjects\miniprogram-2\miniprogram\miniprogram_npm\tdesign-miniprogram\swiper\swiper-item.d.ts", "TypeScript", 0, 0, 10, 0, 0, 0, 0, 0, 0, 0, 1, 11
"c:\Users\Administrator\WeChatProjects\miniprogram-2\miniprogram\miniprogram_npm\tdesign-miniprogram\swiper\swiper-item.js", "JavaScript", 0, 0, 0, 37, 0, 0, 0, 0, 0, 0, 1, 38
"c:\Users\Administrator\WeChatProjects\miniprogram-2\miniprogram\miniprogram_npm\tdesign-miniprogram\swiper\swiper-item.json", "JSON", 3, 0, 0, 0, 0, 0, 0, 0, 0, 0, 1, 4
"c:\Users\Administrator\WeChatProjects\miniprogram-2\miniprogram\miniprogram_npm\tdesign-miniprogram\swiper\swiper-item.wxml", "wxml", 0, 0, 0, 0, 0, 0, 3, 0, 0, 0, 1, 4
"c:\Users\Administrator\WeChatProjects\miniprogram-2\miniprogram\miniprogram_npm\tdesign-miniprogram\swiper\swiper-item.wxss", "CSS", 0, 0, 0, 0, 0, 0, 0, 33, 0, 0, 1, 34
"c:\Users\Administrator\WeChatProjects\miniprogram-2\miniprogram\miniprogram_npm\tdesign-miniprogram\swiper\swiper-nav.d.ts", "TypeScript", 0, 0, 37, 0, 0, 0, 0, 0, 0, 0, 1, 38
"c:\Users\Administrator\WeChatProjects\miniprogram-2\miniprogram\miniprogram_npm\tdesign-miniprogram\swiper\swiper-nav.js", "JavaScript", 0, 0, 0, 63, 0, 0, 0, 0, 0, 0, 1, 64
"c:\Users\Administrator\WeChatProjects\miniprogram-2\miniprogram\miniprogram_npm\tdesign-miniprogram\swiper\swiper-nav.json", "JSON", 3, 0, 0, 0, 0, 0, 0, 0, 0, 0, 1, 4
"c:\Users\Administrator\WeChatProjects\miniprogram-2\miniprogram\miniprogram_npm\tdesign-miniprogram\swiper\swiper-nav.wxml", "wxml", 0, 0, 0, 0, 0, 0, 18, 0, 0, 0, 1, 19
"c:\Users\Administrator\WeChatProjects\miniprogram-2\miniprogram\miniprogram_npm\tdesign-miniprogram\swiper\swiper-nav.wxss", "CSS", 0, 0, 0, 0, 0, 0, 0, 178, 0, 0, 1, 179
"c:\Users\Administrator\WeChatProjects\miniprogram-2\miniprogram\miniprogram_npm\tdesign-miniprogram\swiper\swiper.d.ts", "TypeScript", 0, 0, 68, 0, 0, 0, 0, 0, 0, 0, 1, 69
"c:\Users\Administrator\WeChatProjects\miniprogram-2\miniprogram\miniprogram_npm\tdesign-miniprogram\swiper\swiper.js", "JavaScript", 0, 0, 0, 269, 0, 0, 0, 0, 0, 0, 1, 270
"c:\Users\Administrator\WeChatProjects\miniprogram-2\miniprogram\miniprogram_npm\tdesign-miniprogram\swiper\swiper.json", "JSON", 7, 0, 0, 0, 0, 0, 0, 0, 0, 0, 1, 8
"c:\Users\Administrator\WeChatProjects\miniprogram-2\miniprogram\miniprogram_npm\tdesign-miniprogram\swiper\swiper.wxml", "wxml", 0, 0, 0, 0, 0, 0, 41, 0, 0, 2, 1, 44
"c:\Users\Administrator\WeChatProjects\miniprogram-2\miniprogram\miniprogram_npm\tdesign-miniprogram\swiper\swiper.wxs", "JavaScript", 0, 0, 0, 148, 0, 0, 0, 0, 0, 20, 17, 185
"c:\Users\Administrator\WeChatProjects\miniprogram-2\miniprogram\miniprogram_npm\tdesign-miniprogram\swiper\swiper.wxss", "CSS", 0, 0, 0, 0, 0, 0, 0, 44, 0, 0, 1, 45
"c:\Users\Administrator\WeChatProjects\miniprogram-2\miniprogram\miniprogram_npm\tdesign-miniprogram\swiper\type.d.ts", "TypeScript", 0, 0, 52, 0, 0, 0, 0, 0, 0, 0, 1, 53
"c:\Users\Administrator\WeChatProjects\miniprogram-2\miniprogram\miniprogram_npm\tdesign-miniprogram\swiper\type.js", "JavaScript", 0, 0, 0, 1, 0, 0, 0, 0, 0, 0, 1, 2
"c:\Users\Administrator\WeChatProjects\miniprogram-2\miniprogram\miniprogram_npm\tdesign-miniprogram\switch\README.md", "Markdown", 0, 0, 0, 0, 0, 0, 0, 0, 44, 0, 20, 64
"c:\Users\Administrator\WeChatProjects\miniprogram-2\miniprogram\miniprogram_npm\tdesign-miniprogram\switch\_var.wxss", "CSS", 0, 0, 0, 0, 0, 0, 0, 27, 0, 0, 1, 28
"c:\Users\Administrator\WeChatProjects\miniprogram-2\miniprogram\miniprogram_npm\tdesign-miniprogram\switch\props.d.ts", "TypeScript", 0, 0, 3, 0, 0, 0, 0, 0, 0, 0, 1, 4
"c:\Users\Administrator\WeChatProjects\miniprogram-2\miniprogram\miniprogram_npm\tdesign-miniprogram\switch\props.js", "JavaScript", 0, 0, 0, 36, 0, 0, 0, 0, 0, 0, 1, 37
"c:\Users\Administrator\WeChatProjects\miniprogram-2\miniprogram\miniprogram_npm\tdesign-miniprogram\switch\switch.d.ts", "TypeScript", 0, 0, 24, 0, 0, 0, 0, 0, 0, 0, 1, 25
"c:\Users\Administrator\WeChatProjects\miniprogram-2\miniprogram\miniprogram_npm\tdesign-miniprogram\switch\switch.js", "JavaScript", 0, 0, 0, 69, 0, 0, 0, 0, 0, 0, 1, 70
"c:\Users\Administrator\WeChatProjects\miniprogram-2\miniprogram\miniprogram_npm\tdesign-miniprogram\switch\switch.json", "JSON", 4, 0, 0, 0, 0, 0, 0, 0, 0, 0, 1, 5
"c:\Users\Administrator\WeChatProjects\miniprogram-2\miniprogram\miniprogram_npm\tdesign-miniprogram\switch\switch.wxml", "wxml", 0, 0, 0, 0, 0, 0, 13, 0, 0, 0, 1, 14
"c:\Users\Administrator\WeChatProjects\miniprogram-2\miniprogram\miniprogram_npm\tdesign-miniprogram\switch\switch.wxss", "CSS", 0, 0, 0, 0, 0, 0, 0, 70, 0, 0, 1, 71
"c:\Users\Administrator\WeChatProjects\miniprogram-2\miniprogram\miniprogram_npm\tdesign-miniprogram\switch\type.d.ts", "TypeScript", 0, 0, 37, 0, 0, 0, 0, 0, 0, 0, 1, 38
"c:\Users\Administrator\WeChatProjects\miniprogram-2\miniprogram\miniprogram_npm\tdesign-miniprogram\switch\type.js", "JavaScript", 0, 0, 0, 1, 0, 0, 0, 0, 0, 0, 1, 2
"c:\Users\Administrator\WeChatProjects\miniprogram-2\miniprogram\miniprogram_npm\tdesign-miniprogram\tab-bar\README.en-US.md", "Markdown", 0, 0, 0, 0, 0, 0, 0, 0, 23, 0, 7, 30
"c:\Users\Administrator\WeChatProjects\miniprogram-2\miniprogram\miniprogram_npm\tdesign-miniprogram\tab-bar\README.md", "Markdown", 0, 0, 0, 0, 0, 0, 0, 0, 59, 0, 27, 86
"c:\Users\Administrator\WeChatProjects\miniprogram-2\miniprogram\miniprogram_npm\tdesign-miniprogram\tab-bar\props.d.ts", "TypeScript", 0, 0, 3, 0, 0, 0, 0, 0, 0, 0, 1, 4
"c:\Users\Administrator\WeChatProjects\miniprogram-2\miniprogram\miniprogram_npm\tdesign-miniprogram\tab-bar\props.js", "JavaScript", 0, 0, 0, 30, 0, 0, 0, 0, 0, 0, 1, 31
"c:\Users\Administrator\WeChatProjects\miniprogram-2\miniprogram\miniprogram_npm\tdesign-miniprogram\tab-bar\tab-bar-item-props.d.ts", "TypeScript", 0, 0, 3, 0, 0, 0, 0, 0, 0, 0, 1, 4
"c:\Users\Administrator\WeChatProjects\miniprogram-2\miniprogram\miniprogram_npm\tdesign-miniprogram\tab-bar\tab-bar-item-props.js", "JavaScript", 0, 0, 0, 16, 0, 0, 0, 0, 0, 0, 1, 17
"c:\Users\Administrator\WeChatProjects\miniprogram-2\miniprogram\miniprogram_npm\tdesign-miniprogram\tab-bar\tab-bar-item.d.ts", "TypeScript", 0, 0, 28, 0, 0, 0, 0, 0, 0, 0, 1, 29
"c:\Users\Administrator\WeChatProjects\miniprogram-2\miniprogram\miniprogram_npm\tdesign-miniprogram\tab-bar\tab-bar-item.js", "JavaScript", 0, 0, 0, 92, 0, 0, 0, 0, 0, 0, 1, 93
"c:\Users\Administrator\WeChatProjects\miniprogram-2\miniprogram\miniprogram_npm\tdesign-miniprogram\tab-bar\tab-bar-item.json", "JSON", 7, 0, 0, 0, 0, 0, 0, 0, 0, 0, 1, 8
"c:\Users\Administrator\WeChatProjects\miniprogram-2\miniprogram\miniprogram_npm\tdesign-miniprogram\tab-bar\tab-bar-item.wxml", "wxml", 0, 0, 0, 0, 0, 0, 43, 0, 0, 0, 2, 45
"c:\Users\Administrator\WeChatProjects\miniprogram-2\miniprogram\miniprogram_npm\tdesign-miniprogram\tab-bar\tab-bar-item.wxss", "CSS", 0, 0, 0, 0, 0, 0, 0, 158, 0, 0, 1, 159
"c:\Users\Administrator\WeChatProjects\miniprogram-2\miniprogram\miniprogram_npm\tdesign-miniprogram\tab-bar\tab-bar.d.ts", "TypeScript", 0, 0, 26, 0, 0, 0, 0, 0, 0, 0, 1, 27
"c:\Users\Administrator\WeChatProjects\miniprogram-2\miniprogram\miniprogram_npm\tdesign-miniprogram\tab-bar\tab-bar.js", "JavaScript", 0, 0, 0, 83, 0, 0, 0, 0, 0, 0, 1, 84
"c:\Users\Administrator\WeChatProjects\miniprogram-2\miniprogram\miniprogram_npm\tdesign-miniprogram\tab-bar\tab-bar.json", "JSON", 6, 0, 0, 0, 0, 0, 0, 0, 0, 0, 1, 7
"c:\Users\Administrator\WeChatProjects\miniprogram-2\miniprogram\miniprogram_npm\tdesign-miniprogram\tab-bar\tab-bar.wxml", "wxml", 0, 0, 0, 0, 0, 0, 5, 0, 0, 0, 1, 6
"c:\Users\Administrator\WeChatProjects\miniprogram-2\miniprogram\miniprogram_npm\tdesign-miniprogram\tab-bar\tab-bar.wxss", "CSS", 0, 0, 0, 0, 0, 0, 0, 60, 0, 0, 1, 61
"c:\Users\Administrator\WeChatProjects\miniprogram-2\miniprogram\miniprogram_npm\tdesign-miniprogram\tab-bar\type.d.ts", "TypeScript", 0, 0, 53, 0, 0, 0, 0, 0, 0, 0, 1, 54
"c:\Users\Administrator\WeChatProjects\miniprogram-2\miniprogram\miniprogram_npm\tdesign-miniprogram\tab-bar\type.js", "JavaScript", 0, 0, 0, 1, 0, 0, 0, 0, 0, 0, 1, 2
"c:\Users\Administrator\WeChatProjects\miniprogram-2\miniprogram\miniprogram_npm\tdesign-miniprogram\tabs\README.en-US.md", "Markdown", 0, 0, 0, 0, 0, 0, 0, 0, 28, 0, 7, 35
"c:\Users\Administrator\WeChatProjects\miniprogram-2\miniprogram\miniprogram_npm\tdesign-miniprogram\tabs\README.md", "Markdown", 0, 0, 0, 0, 0, 0, 0, 0, 110, 1, 31, 142
"c:\Users\Administrator\WeChatProjects\miniprogram-2\miniprogram\miniprogram_npm\tdesign-miniprogram\tabs\props.d.ts", "TypeScript", 0, 0, 3, 0, 0, 0, 0, 0, 0, 0, 1, 4
"c:\Users\Administrator\WeChatProjects\miniprogram-2\miniprogram\miniprogram_npm\tdesign-miniprogram\tabs\props.js", "JavaScript", 0, 0, 0, 35, 0, 0, 0, 0, 0, 0, 1, 36
"c:\Users\Administrator\WeChatProjects\miniprogram-2\miniprogram\miniprogram_npm\tdesign-miniprogram\tabs\tab-panel-props.d.ts", "TypeScript", 0, 0, 3, 0, 0, 0, 0, 0, 0, 0, 1, 4
"c:\Users\Administrator\WeChatProjects\miniprogram-2\miniprogram\miniprogram_npm\tdesign-miniprogram\tabs\tab-panel-props.js", "JavaScript", 0, 0, 0, 21, 0, 0, 0, 0, 0, 0, 1, 22
"c:\Users\Administrator\WeChatProjects\miniprogram-2\miniprogram\miniprogram_npm\tdesign-miniprogram\tabs\tab-panel.d.ts", "TypeScript", 0, 0, 17, 0, 0, 0, 0, 0, 0, 0, 1, 18
"c:\Users\Administrator\WeChatProjects\miniprogram-2\miniprogram\miniprogram_npm\tdesign-miniprogram\tabs\tab-panel.js", "JavaScript", 0, 0, 0, 54, 0, 0, 0, 0, 0, 0, 1, 55
"c:\Users\Administrator\WeChatProjects\miniprogram-2\miniprogram\miniprogram_npm\tdesign-miniprogram\tabs\tab-panel.json", "JSON", 4, 0, 0, 0, 0, 0, 0, 0, 0, 0, 1, 5
"c:\Users\Administrator\WeChatProjects\miniprogram-2\miniprogram\miniprogram_npm\tdesign-miniprogram\tabs\tab-panel.wxml", "wxml", 0, 0, 0, 0, 0, 0, 9, 0, 0, 0, 1, 10
"c:\Users\Administrator\WeChatProjects\miniprogram-2\miniprogram\miniprogram_npm\tdesign-miniprogram\tabs\tab-panel.wxss", "CSS", 0, 0, 0, 0, 0, 0, 0, 37, 0, 0, 1, 38
"c:\Users\Administrator\WeChatProjects\miniprogram-2\miniprogram\miniprogram_npm\tdesign-miniprogram\tabs\tabs.d.ts", "TypeScript", 0, 0, 48, 0, 0, 0, 0, 0, 0, 1, 1, 50
"c:\Users\Administrator\WeChatProjects\miniprogram-2\miniprogram\miniprogram_npm\tdesign-miniprogram\tabs\tabs.js", "JavaScript", 0, 0, 0, 241, 0, 0, 0, 0, 0, 0, 1, 242
"c:\Users\Administrator\WeChatProjects\miniprogram-2\miniprogram\miniprogram_npm\tdesign-miniprogram\tabs\tabs.json", "JSON", 6, 0, 0, 0, 0, 0, 0, 0, 0, 0, 1, 7
"c:\Users\Administrator\WeChatProjects\miniprogram-2\miniprogram\miniprogram_npm\tdesign-miniprogram\tabs\tabs.wxml", "wxml", 0, 0, 0, 0, 0, 0, 52, 0, 0, 0, 2, 54
"c:\Users\Administrator\WeChatProjects\miniprogram-2\miniprogram\miniprogram_npm\tdesign-miniprogram\tabs\tabs.wxs", "JavaScript", 0, 0, 0, 17, 0, 0, 0, 0, 0, 5, 3, 25
"c:\Users\Administrator\WeChatProjects\miniprogram-2\miniprogram\miniprogram_npm\tdesign-miniprogram\tabs\tabs.wxss", "CSS", 0, 0, 0, 0, 0, 0, 0, 174, 0, 0, 1, 175
"c:\Users\Administrator\WeChatProjects\miniprogram-2\miniprogram\miniprogram_npm\tdesign-miniprogram\tabs\type.d.ts", "TypeScript", 0, 0, 65, 0, 0, 0, 0, 0, 0, 0, 1, 66
"c:\Users\Administrator\WeChatProjects\miniprogram-2\miniprogram\miniprogram_npm\tdesign-miniprogram\tabs\type.js", "JavaScript", 0, 0, 0, 1, 0, 0, 0, 0, 0, 0, 1, 2
"c:\Users\Administrator\WeChatProjects\miniprogram-2\miniprogram\miniprogram_npm\tdesign-miniprogram\tag\README.md", "Markdown", 0, 0, 0, 0, 0, 0, 0, 0, 65, 0, 29, 94
"c:\Users\Administrator\WeChatProjects\miniprogram-2\miniprogram\miniprogram_npm\tdesign-miniprogram\tag\check-tag-props.d.ts", "TypeScript", 0, 0, 3, 0, 0, 0, 0, 0, 0, 0, 1, 4
"c:\Users\Administrator\WeChatProjects\miniprogram-2\miniprogram\miniprogram_npm\tdesign-miniprogram\tag\check-tag-props.js", "JavaScript", 0, 0, 0, 34, 0, 0, 0, 0, 0, 0, 1, 35
"c:\Users\Administrator\WeChatProjects\miniprogram-2\miniprogram\miniprogram_npm\tdesign-miniprogram\tag\check-tag.d.ts", "TypeScript", 0, 0, 27, 0, 0, 0, 0, 0, 0, 0, 1, 28
"c:\Users\Administrator\WeChatProjects\miniprogram-2\miniprogram\miniprogram_npm\tdesign-miniprogram\tag\check-tag.js", "JavaScript", 0, 0, 0, 81, 0, 0, 0, 0, 0, 0, 1, 82
"c:\Users\Administrator\WeChatProjects\miniprogram-2\miniprogram\miniprogram_npm\tdesign-miniprogram\tag\check-tag.json", "JSON", 6, 0, 0, 0, 0, 0, 0, 0, 0, 0, 1, 7
"c:\Users\Administrator\WeChatProjects\miniprogram-2\miniprogram\miniprogram_npm\tdesign-miniprogram\tag\check-tag.wxml", "wxml", 0, 0, 0, 0, 0, 0, 16, 0, 0, 0, 1, 17
"c:\Users\Administrator\WeChatProjects\miniprogram-2\miniprogram\miniprogram_npm\tdesign-miniprogram\tag\check-tag.wxss", "CSS", 0, 0, 0, 0, 0, 0, 0, 233, 0, 0, 1, 234
"c:\Users\Administrator\WeChatProjects\miniprogram-2\miniprogram\miniprogram_npm\tdesign-miniprogram\tag\common\base.wxss", "CSS", 0, 0, 0, 0, 0, 0, 0, 233, 0, 0, 1, 234
"c:\Users\Administrator\WeChatProjects\miniprogram-2\miniprogram\miniprogram_npm\tdesign-miniprogram\tag\props.d.ts", "TypeScript", 0, 0, 3, 0, 0, 0, 0, 0, 0, 0, 1, 4
"c:\Users\Administrator\WeChatProjects\miniprogram-2\miniprogram\miniprogram_npm\tdesign-miniprogram\tag\props.js", "JavaScript", 0, 0, 0, 38, 0, 0, 0, 0, 0, 0, 1, 39
"c:\Users\Administrator\WeChatProjects\miniprogram-2\miniprogram\miniprogram_npm\tdesign-miniprogram\tag\tag.d.ts", "TypeScript", 0, 0, 27, 0, 0, 0, 0, 0, 0, 0, 1, 28
"c:\Users\Administrator\WeChatProjects\miniprogram-2\miniprogram\miniprogram_npm\tdesign-miniprogram\tag\tag.js", "JavaScript", 0, 0, 0, 83, 0, 0, 0, 0, 0, 0, 1, 84
"c:\Users\Administrator\WeChatProjects\miniprogram-2\miniprogram\miniprogram_npm\tdesign-miniprogram\tag\tag.json", "JSON", 6, 0, 0, 0, 0, 0, 0, 0, 0, 0, 1, 7
"c:\Users\Administrator\WeChatProjects\miniprogram-2\miniprogram\miniprogram_npm\tdesign-miniprogram\tag\tag.wxml", "wxml", 0, 0, 0, 0, 0, 0, 16, 0, 0, 0, 1, 17
"c:\Users\Administrator\WeChatProjects\miniprogram-2\miniprogram\miniprogram_npm\tdesign-miniprogram\tag\tag.wxss", "CSS", 0, 0, 0, 0, 0, 0, 0, 233, 0, 0, 1, 234
"c:\Users\Administrator\WeChatProjects\miniprogram-2\miniprogram\miniprogram_npm\tdesign-miniprogram\tag\type.d.ts", "TypeScript", 0, 0, 92, 0, 0, 0, 0, 0, 0, 0, 1, 93
"c:\Users\Administrator\WeChatProjects\miniprogram-2\miniprogram\miniprogram_npm\tdesign-miniprogram\tag\type.js", "JavaScript", 0, 0, 0, 1, 0, 0, 0, 0, 0, 0, 1, 2
"c:\Users\Administrator\WeChatProjects\miniprogram-2\miniprogram\miniprogram_npm\tdesign-miniprogram\textarea\README.md", "Markdown", 0, 0, 0, 0, 0, 0, 0, 0, 56, 0, 23, 79
"c:\Users\Administrator\WeChatProjects\miniprogram-2\miniprogram\miniprogram_npm\tdesign-miniprogram\textarea\props.d.ts", "TypeScript", 0, 0, 3, 0, 0, 0, 0, 0, 0, 0, 1, 4
"c:\Users\Administrator\WeChatProjects\miniprogram-2\miniprogram\miniprogram_npm\tdesign-miniprogram\textarea\props.js", "JavaScript", 0, 0, 0, 51, 0, 0, 0, 0, 0, 0, 1, 52
"c:\Users\Administrator\WeChatProjects\miniprogram-2\miniprogram\miniprogram_npm\tdesign-miniprogram\textarea\textarea.d.ts", "TypeScript", 0, 0, 95, 0, 0, 0, 0, 0, 0, 0, 1, 96
"c:\Users\Administrator\WeChatProjects\miniprogram-2\miniprogram\miniprogram_npm\tdesign-miniprogram\textarea\textarea.js", "JavaScript", 0, 0, 0, 83, 0, 0, 0, 0, 0, 0, 1, 84
"c:\Users\Administrator\WeChatProjects\miniprogram-2\miniprogram\miniprogram_npm\tdesign-miniprogram\textarea\textarea.json", "JSON", 4, 0, 0, 0, 0, 0, 0, 0, 0, 0, 1, 5
"c:\Users\Administrator\WeChatProjects\miniprogram-2\miniprogram\miniprogram_npm\tdesign-miniprogram\textarea\textarea.wxml", "wxml", 0, 0, 0, 0, 0, 0, 30, 0, 0, 0, 1, 31
"c:\Users\Administrator\WeChatProjects\miniprogram-2\miniprogram\miniprogram_npm\tdesign-miniprogram\textarea\textarea.wxss", "CSS", 0, 0, 0, 0, 0, 0, 0, 81, 0, 0, 1, 82
"c:\Users\Administrator\WeChatProjects\miniprogram-2\miniprogram\miniprogram_npm\tdesign-miniprogram\textarea\type.d.ts", "TypeScript", 0, 0, 67, 0, 0, 0, 0, 0, 0, 0, 1, 68
"c:\Users\Administrator\WeChatProjects\miniprogram-2\miniprogram\miniprogram_npm\tdesign-miniprogram\textarea\type.js", "JavaScript", 0, 0, 0, 1, 0, 0, 0, 0, 0, 0, 1, 2
"c:\Users\Administrator\WeChatProjects\miniprogram-2\miniprogram\miniprogram_npm\tdesign-miniprogram\toast\README.en-US.md", "Markdown", 0, 0, 0, 0, 0, 0, 0, 0, 20, 0, 6, 26
"c:\Users\Administrator\WeChatProjects\miniprogram-2\miniprogram\miniprogram_npm\tdesign-miniprogram\toast\README.md", "Markdown", 0, 0, 0, 0, 0, 0, 0, 0, 44, 0, 16, 60
"c:\Users\Administrator\WeChatProjects\miniprogram-2\miniprogram\miniprogram_npm\tdesign-miniprogram\toast\index.d.ts", "TypeScript", 0, 0, 20, 0, 0, 0, 0, 0, 0, 2, 1, 23
"c:\Users\Administrator\WeChatProjects\miniprogram-2\miniprogram\miniprogram_npm\tdesign-miniprogram\toast\index.js", "JavaScript", 0, 0, 0, 31, 0, 0, 0, 0, 0, 0, 1, 32
"c:\Users\Administrator\WeChatProjects\miniprogram-2\miniprogram\miniprogram_npm\tdesign-miniprogram\toast\props.d.ts", "TypeScript", 0, 0, 3, 0, 0, 0, 0, 0, 0, 0, 1, 4
"c:\Users\Administrator\WeChatProjects\miniprogram-2\miniprogram\miniprogram_npm\tdesign-miniprogram\toast\props.js", "JavaScript", 0, 0, 0, 40, 0, 0, 0, 0, 0, 0, 1, 41
"c:\Users\Administrator\WeChatProjects\miniprogram-2\miniprogram\miniprogram_npm\tdesign-miniprogram\toast\toast.d.ts", "TypeScript", 0, 0, 24, 0, 0, 0, 0, 0, 0, 1, 1, 26
"c:\Users\Administrator\WeChatProjects\miniprogram-2\miniprogram\miniprogram_npm\tdesign-miniprogram\toast\toast.js", "JavaScript", 0, 0, 0, 78, 0, 0, 0, 0, 0, 0, 1, 79
"c:\Users\Administrator\WeChatProjects\miniprogram-2\miniprogram\miniprogram_npm\tdesign-miniprogram\toast\toast.json", "JSON", 8, 0, 0, 0, 0, 0, 0, 0, 0, 0, 1, 9
"c:\Users\Administrator\WeChatProjects\miniprogram-2\miniprogram\miniprogram_npm\tdesign-miniprogram\toast\toast.wxml", "wxml", 0, 0, 0, 0, 0, 0, 36, 0, 0, 0, 1, 37
"c:\Users\Administrator\WeChatProjects\miniprogram-2\miniprogram\miniprogram_npm\tdesign-miniprogram\toast\toast.wxss", "CSS", 0, 0, 0, 0, 0, 0, 0, 84, 0, 0, 1, 85
"c:\Users\Administrator\WeChatProjects\miniprogram-2\miniprogram\miniprogram_npm\tdesign-miniprogram\toast\type.d.ts", "TypeScript", 0, 0, 42, 0, 0, 0, 0, 0, 0, 0, 1, 43
"c:\Users\Administrator\WeChatProjects\miniprogram-2\miniprogram\miniprogram_npm\tdesign-miniprogram\toast\type.js", "JavaScript", 0, 0, 0, 1, 0, 0, 0, 0, 0, 0, 1, 2
"c:\Users\Administrator\WeChatProjects\miniprogram-2\miniprogram\miniprogram_npm\tdesign-miniprogram\transition\README.md", "Markdown", 0, 0, 0, 0, 0, 0, 0, 0, 38, 1, 15, 54
"c:\Users\Administrator\WeChatProjects\miniprogram-2\miniprogram\miniprogram_npm\tdesign-miniprogram\transition\index.d.ts", "TypeScript", 0, 0, 2, 0, 0, 0, 0, 0, 0, 0, 1, 3
"c:\Users\Administrator\WeChatProjects\miniprogram-2\miniprogram\miniprogram_npm\tdesign-miniprogram\transition\index.js", "JavaScript", 0, 0, 0, 2, 0, 0, 0, 0, 0, 0, 1, 3
"c:\Users\Administrator\WeChatProjects\miniprogram-2\miniprogram\miniprogram_npm\tdesign-miniprogram\transition\props.d.ts", "TypeScript", 0, 0, 3, 0, 0, 0, 0, 0, 0, 0, 1, 4
"c:\Users\Administrator\WeChatProjects\miniprogram-2\miniprogram\miniprogram_npm\tdesign-miniprogram\transition\props.js", "JavaScript", 0, 0, 0, 26, 0, 0, 0, 0, 0, 0, 1, 27
"c:\Users\Administrator\WeChatProjects\miniprogram-2\miniprogram\miniprogram_npm\tdesign-miniprogram\transition\transition.d.ts", "TypeScript", 0, 0, 4, 0, 0, 0, 0, 0, 0, 0, 1, 5
"c:\Users\Administrator\WeChatProjects\miniprogram-2\miniprogram\miniprogram_npm\tdesign-miniprogram\transition\transition.js", "JavaScript", 0, 0, 0, 18, 0, 0, 0, 0, 0, 0, 1, 19
"c:\Users\Administrator\WeChatProjects\miniprogram-2\miniprogram\miniprogram_npm\tdesign-miniprogram\transition\transition.json", "JSON", 4, 0, 0, 0, 0, 0, 0, 0, 0, 0, 1, 5
"c:\Users\Administrator\WeChatProjects\miniprogram-2\miniprogram\miniprogram_npm\tdesign-miniprogram\transition\transition.wxml", "wxml", 0, 0, 0, 0, 0, 0, 3, 0, 0, 0, 1, 4
"c:\Users\Administrator\WeChatProjects\miniprogram-2\miniprogram\miniprogram_npm\tdesign-miniprogram\transition\transition.wxss", "CSS", 0, 0, 0, 0, 0, 0, 0, 14, 0, 0, 1, 15
"c:\Users\Administrator\WeChatProjects\miniprogram-2\miniprogram\miniprogram_npm\tdesign-miniprogram\transition\type.d.ts", "TypeScript", 0, 0, 26, 0, 0, 0, 0, 0, 0, 0, 1, 27
"c:\Users\Administrator\WeChatProjects\miniprogram-2\miniprogram\miniprogram_npm\tdesign-miniprogram\transition\type.js", "JavaScript", 0, 0, 0, 2, 0, 0, 0, 0, 0, 0, 1, 3
"c:\Users\Administrator\WeChatProjects\miniprogram-2\miniprogram\miniprogram_npm\tdesign-miniprogram\upload\README.md", "Markdown", 0, 0, 0, 0, 0, 0, 0, 0, 47, 0, 12, 59
"c:\Users\Administrator\WeChatProjects\miniprogram-2\miniprogram\miniprogram_npm\tdesign-miniprogram\upload\props.d.ts", "TypeScript", 0, 0, 3, 0, 0, 0, 0, 0, 0, 0, 1, 4
"c:\Users\Administrator\WeChatProjects\miniprogram-2\miniprogram\miniprogram_npm\tdesign-miniprogram\upload\props.js", "JavaScript", 0, 0, 0, 48, 0, 0, 0, 0, 0, 0, 1, 49
"c:\Users\Administrator\WeChatProjects\miniprogram-2\miniprogram\miniprogram_npm\tdesign-miniprogram\upload\type.d.ts", "TypeScript", 0, 0, 88, 0, 0, 0, 0, 0, 0, 0, 1, 89
"c:\Users\Administrator\WeChatProjects\miniprogram-2\miniprogram\miniprogram_npm\tdesign-miniprogram\upload\type.js", "JavaScript", 0, 0, 0, 1, 0, 0, 0, 0, 0, 0, 1, 2
"c:\Users\Administrator\WeChatProjects\miniprogram-2\miniprogram\miniprogram_npm\tdesign-miniprogram\upload\upload-info.json", "JSON", 123, 0, 0, 0, 0, 0, 0, 0, 0, 0, 1, 124
"c:\Users\Administrator\WeChatProjects\miniprogram-2\miniprogram\miniprogram_npm\tdesign-miniprogram\upload\upload.d.ts", "TypeScript", 0, 0, 52, 0, 0, 0, 0, 0, 0, 0, 1, 53
"c:\Users\Administrator\WeChatProjects\miniprogram-2\miniprogram\miniprogram_npm\tdesign-miniprogram\upload\upload.js", "JavaScript", 0, 0, 0, 225, 0, 0, 0, 0, 0, 0, 1, 226
"c:\Users\Administrator\WeChatProjects\miniprogram-2\miniprogram\miniprogram_npm\tdesign-miniprogram\upload\upload.json", "JSON", 10, 0, 0, 0, 0, 0, 0, 0, 0, 0, 1, 11
"c:\Users\Administrator\WeChatProjects\miniprogram-2\miniprogram\miniprogram_npm\tdesign-miniprogram\upload\upload.wxml", "wxml", 0, 0, 0, 0, 0, 0, 65, 0, 0, 4, 1, 70
"c:\Users\Administrator\WeChatProjects\miniprogram-2\miniprogram\miniprogram_npm\tdesign-miniprogram\upload\upload.wxss", "CSS", 0, 0, 0, 0, 0, 0, 0, 81, 0, 0, 1, 82
"c:\Users\Administrator\WeChatProjects\miniprogram-2\miniprogram\pages\details\details.json", "JSON", 3, 0, 0, 0, 0, 0, 0, 0, 0, 0, 0, 3
"c:\Users\Administrator\WeChatProjects\miniprogram-2\miniprogram\pages\details\details.scss", "SCSS", 0, 0, 0, 0, 0, 0, 0, 0, 0, 1, 0, 1
"c:\Users\Administrator\WeChatProjects\miniprogram-2\miniprogram\pages\details\details.ts", "TypeScript", 0, 0, 18, 0, 0, 0, 0, 0, 0, 30, 9, 57
"c:\Users\Administrator\WeChatProjects\miniprogram-2\miniprogram\pages\details\details.wxml", "wxml", 0, 0, 0, 0, 0, 0, 1, 0, 0, 1, 1, 3
"c:\Users\Administrator\WeChatProjects\miniprogram-2\miniprogram\pages\home\home.json", "JSON", 19, 0, 0, 0, 0, 0, 0, 0, 0, 0, 0, 19
"c:\Users\Administrator\WeChatProjects\miniprogram-2\miniprogram\pages\home\home.scss", "SCSS", 0, 0, 0, 0, 152, 0, 0, 0, 0, 6, 26, 184
"c:\Users\Administrator\WeChatProjects\miniprogram-2\miniprogram\pages\home\home.ts", "TypeScript", 0, 0, 510, 0, 0, 0, 0, 0, 0, 49, 49, 608
"c:\Users\Administrator\WeChatProjects\miniprogram-2\miniprogram\pages\home\home.wxml", "wxml", 0, 0, 0, 0, 0, 0, 309, 0, 0, 17, 1, 327
"c:\Users\Administrator\WeChatProjects\miniprogram-2\miniprogram\pages\index\index.json", "JSON", 3, 0, 0, 0, 0, 0, 0, 0, 0, 0, 0, 3
"c:\Users\Administrator\WeChatProjects\miniprogram-2\miniprogram\pages\index\index.scss", "SCSS", 0, 0, 0, 0, 16, 0, 0, 0, 0, 1, 2, 19
"c:\Users\Administrator\WeChatProjects\miniprogram-2\miniprogram\pages\index\index.ts", "TypeScript", 0, 0, 42, 0, 0, 0, 0, 0, 0, 6, 2, 50
"c:\Users\Administrator\WeChatProjects\miniprogram-2\miniprogram\pages\index\index.wxml", "wxml", 0, 0, 0, 0, 0, 0, 22, 0, 0, 1, 1, 24
"c:\Users\Administrator\WeChatProjects\miniprogram-2\miniprogram\pages\list\list.json", "JSON", 3, 0, 0, 0, 0, 0, 0, 0, 0, 0, 0, 3
"c:\Users\Administrator\WeChatProjects\miniprogram-2\miniprogram\pages\list\list.scss", "SCSS", 0, 0, 0, 0, 38, 0, 0, 0, 0, 2, 6, 46
"c:\Users\Administrator\WeChatProjects\miniprogram-2\miniprogram\pages\list\list.ts", "TypeScript", 0, 0, 69, 0, 0, 0, 0, 0, 0, 27, 11, 107
"c:\Users\Administrator\WeChatProjects\miniprogram-2\miniprogram\pages\list\list.wxml", "wxml", 0, 0, 0, 0, 0, 0, 19, 0, 0, 2, 0, 21
"c:\Users\Administrator\WeChatProjects\miniprogram-2\miniprogram\pages\login\login.json", "JSON", 6, 0, 0, 0, 0, 0, 0, 0, 0, 0, 0, 6
"c:\Users\Administrator\WeChatProjects\miniprogram-2\miniprogram\pages\login\login.scss", "SCSS", 0, 0, 0, 0, 31, 0, 0, 0, 0, 2, 5, 38
"c:\Users\Administrator\WeChatProjects\miniprogram-2\miniprogram\pages\login\login.ts", "TypeScript", 0, 0, 19, 0, 0, 0, 0, 0, 0, 37, 10, 66
"c:\Users\Administrator\WeChatProjects\miniprogram-2\miniprogram\pages\login\login.wxml", "wxml", 0, 0, 0, 0, 0, 0, 11, 0, 0, 2, 1, 14
"c:\Users\Administrator\WeChatProjects\miniprogram-2\miniprogram\pages\logs\logs.json", "JSON", 4, 0, 0, 0, 0, 0, 0, 0, 0, 0, 0, 4
"c:\Users\Administrator\WeChatProjects\miniprogram-2\miniprogram\pages\logs\logs.scss", "SCSS", 0, 0, 0, 0, 0, 0, 0, 0, 0, 1, 0, 1
"c:\Users\Administrator\WeChatProjects\miniprogram-2\miniprogram\pages\logs\logs.ts", "TypeScript", 0, 0, 16, 0, 0, 0, 0, 0, 0, 2, 2, 20
"c:\Users\Administrator\WeChatProjects\miniprogram-2\miniprogram\pages\logs\logs.wxml", "wxml", 0, 0, 0, 0, 0, 0, 5, 0, 0, 1, 1, 7
"c:\Users\Administrator\WeChatProjects\miniprogram-2\miniprogram\pages\logs\logs.wxss", "CSS", 0, 0, 0, 0, 0, 0, 0, 8, 0, 0, 1, 9
"c:\Users\Administrator\WeChatProjects\miniprogram-2\miniprogram\pages\verify\verify.json", "JSON", 3, 0, 0, 0, 0, 0, 0, 0, 0, 0, 0, 3
"c:\Users\Administrator\WeChatProjects\miniprogram-2\miniprogram\pages\verify\verify.scss", "SCSS", 0, 0, 0, 0, 0, 0, 0, 0, 0, 1, 0, 1
"c:\Users\Administrator\WeChatProjects\miniprogram-2\miniprogram\pages\verify\verify.ts", "TypeScript", 0, 0, 23, 0, 0, 0, 0, 0, 0, 28, 17, 68
"c:\Users\Administrator\WeChatProjects\miniprogram-2\miniprogram\pages\verify\verify.wxml", "wxml", 0, 0, 0, 0, 0, 0, 1, 0, 0, 1, 1, 3
"c:\Users\Administrator\WeChatProjects\miniprogram-2\miniprogram\sitemap.json", "JSON", 7, 0, 0, 0, 0, 0, 0, 0, 0, 0, 0, 7
"c:\Users\Administrator\WeChatProjects\miniprogram-2\miniprogram\utils\util.ts", "TypeScript", 0, 0, 17, 0, 0, 0, 0, 0, 0, 0, 3, 20
"c:\Users\Administrator\WeChatProjects\miniprogram-2\package-lock.json", "JSON", 87, 0, 0, 0, 0, 0, 0, 0, 0, 0, 1, 88
"c:\Users\Administrator\WeChatProjects\miniprogram-2\package.json", "JSON", 15, 0, 0, 0, 0, 0, 0, 0, 0, 0, 1, 16
"c:\Users\Administrator\WeChatProjects\miniprogram-2\project.config.json", "JSON", 45, 0, 0, 0, 0, 0, 0, 0, 0, 0, 0, 45
"c:\Users\Administrator\WeChatProjects\miniprogram-2\project.private.config.json", "JSON", 9, 0, 0, 0, 0, 0, 0, 0, 0, 0, 0, 9
"c:\Users\Administrator\WeChatProjects\miniprogram-2\tsconfig.json", "JSON with Comments", 0, 30, 0, 0, 0, 0, 0, 0, 0, 3, 0, 33
"c:\Users\Administrator\WeChatProjects\miniprogram-2\typings\index.d.ts", "TypeScript", 0, 0, 6, 0, 0, 0, 0, 0, 0, 1, 1, 8
"c:\Users\Administrator\WeChatProjects\miniprogram-2\typings\types\index.d.ts", "TypeScript", 0, 0, 0, 0, 0, 0, 0, 0, 0, 1, 1, 2
"c:\Users\Administrator\WeChatProjects\miniprogram-2\typings\types\wx\index.d.ts", "TypeScript", 0, 0, 67, 0, 0, 0, 0, 0, 0, 61, 7, 135
"c:\Users\Administrator\WeChatProjects\miniprogram-2\typings\types\wx\lib.wx.api.d.ts", "TypeScript", 0, 0, 9186, 0, 0, 0, 0, 0, 0, 19664, 3, 28853
"c:\Users\Administrator\WeChatProjects\miniprogram-2\typings\types\wx\lib.wx.app.d.ts", "TypeScript", 0, 0, 112, 0, 0, 0, 0, 0, 0, 148, 11, 271
"c:\Users\Administrator\WeChatProjects\miniprogram-2\typings\types\wx\lib.wx.behavior.d.ts", "TypeScript", 0, 0, 42, 0, 0, 0, 0, 0, 0, 22, 5, 69
"c:\Users\Administrator\WeChatProjects\miniprogram-2\typings\types\wx\lib.wx.cloud.d.ts", "TypeScript", 0, 0, 741, 0, 0, 0, 0, 0, 0, 62, 177, 980
"c:\Users\Administrator\WeChatProjects\miniprogram-2\typings\types\wx\lib.wx.component.d.ts", "TypeScript", 0, 0, 332, 0, 0, 0, 0, 0, 0, 329, 16, 677
"c:\Users\Administrator\WeChatProjects\miniprogram-2\typings\types\wx\lib.wx.event.d.ts", "TypeScript", 0, 0, 610, 0, 0, 0, 0, 0, 0, 720, 106, 1436
"c:\Users\Administrator\WeChatProjects\miniprogram-2\typings\types\wx\lib.wx.page.d.ts", "TypeScript", 0, 0, 103, 0, 0, 0, 0, 0, 0, 140, 21, 264
"Total", "-", 4745, 30, 17508, 10924, 246, 16, 2523, 7774, 2878, 21496, 2439, 70579